"user_id","cardnr"
"2","6048 5644 8974 8450"
"3","5038 6117 5770 8590"
"4","5020 0823 8496 0330"
"5","5287 2014 1045 0020"
"6","4041 5960 3223 5110"
"7","5610 8884 6073 3590"
"8","6304 8583 2839 4920"
"9","5362 1630 1011 0910"
"10","4041 5984 1890 2420"
"11","6762 7276 2602 5570"
"12","4026 1388 4508 8050"
"13","5602 2427 5703 6720"
"14","5602 2445 5864 5090"
"15","5100 1355 5141 0290"
"16","5893 8754 6594 7890"
"17","5412 8298 1348 5540"
"18","4508 1325 6002 5300"
"19","4917 6462 6898 0300"
"20","5208 2416 3897 1530"
"21","5602 2141 5658 0090"
"22","5100 1740 1989 1760"
"23","6304 8860 0369 5550"
"24","5100 1416 1047 6240"
"25","4844 2173 4827 4010"
"26","5602 2240 8765 8930"
"27","4405 6417 4950 2990"
"28","4175 0074 6102 9930"
"29","6044 2534 2559 9020"
"30","5010 1263 0822 2990"
"32","5602 2197 3698 9750"
"33","4017 9564 7633 8440"
"34","5893 1994 1404 3230"
"35","6761 8520 6725 5510"
"36","5100 1420 9466 5910"
"37","5232 9738 6608 8380"
"38","4913 0712 0399 1330"
"39","6759 6031 2767 6410"
"40","5610 9091 9170 2280"
"41","6049 2373 5829 8420"
"42","5010 1208 8631 5280"
"43","5602 2325 2252 7160"
"44","5602 2414 6197 4550"
"45","4175 0074 6303 7220"
"46","6047 2258 6887 7730"
"47","4508 8554 2831 8730"
"48","5116 0662 4616 6390"
"50","5018 4178 1688 0420"
"51","6761 8342 5862 5680"
"52","5002 3540 8668 3750"
"53","4844 9104 5482 3920"
"54","4581 4843 5844 6560"
"55","4326 1298 5726 1420"
"56","5610 9656 6637 2650"
"57","4041 3707 5356 6780"
"58","4917 1378 7517 3800"
"59","5602 2257 6836 2170"
"60","4913 6879 1872 8040"
"61","5602 2240 7822 8570"
"62","5100 1417 3943 3880"
"63","5602 2400 9593 8980"
"64","5602 2325 4527 4140"
"65","5038 6311 6138 7480"
"66","4844 0581 3573 6820"
"67","4917 7012 5655 9060"
"68","5893 5878 7635 6790"
"69","5610 0041 6089 6600"
"70","4913 1984 0962 9610"
"71","5010 1219 3206 8450"
"72","4041 3753 4211 6550"
"73","6759 7991 8075 7860"
"74","5020 3574 1459 1580"
"75","4041 3766 2218 8490"
"76","6049 5426 1583 6500"
"77","5007 6656 1842 4390"
"78","6304 6542 2363 7780"
"79","5602 2581 9884 9910"
"81","5602 2539 7102 6150"
"82","4026 5129 6070 7560"
"83","4844 9997 4410 2260"
"84","5108 7514 4472 8510"
"85","6763 6803 3753 7550"
"86","4917 1782 2082 5740"
"87","6759 0903 7823 4620"
"88","5893 2961 6421 3620"
"89","5602 2365 9914 0310"
"90","4405 3839 0008 2190"
"91","4405 5648 5250 2280"
"92","5007 6675 6088 3210"
"93","5018 1204 7888 3360"
"94","5602 2545 5104 8960"
"95","4913 4185 6286 7780"
"96","5602 2230 3530 7350"
"97","5100 1723 9374 3330"
"98","4508 9022 9770 2730"
"99","5038 8615 7468 3650"
"100","4508 5072 2643 7100"
"101","5018 2043 0689 0130"
"102","5100 1777 6190 6800"
"103","5038 2664 3845 6880"
"104","5602 2438 5486 7480"
"105","4041 5937 6370 5840"
"106","5602 2396 5351 9040"
"107","4017 9590 4216 1370"
"108","6763 0137 5031 9720"
"109","4041 5911 4501 6320"
"110","6304 6767 5591 2340"
"111","4060 9290 2907 4230"
"112","5108 7562 6016 3630"
"113","4917 5982 7481 1450"
"114","5610 4885 7107 7970"
"115","5002 3567 5717 9030"
"116","6042 2922 1303 3320"
"117","5602 2123 0925 3920"
"118","6759 6921 7976 3060"
"119","5578 9546 7067 0630"
"120","6761 4252 0038 9180"
"121","5610 0725 4493 6250"
"122","4913 8306 5256 3670"
"123","5100 1404 8629 4870"
"124","4041 5997 3113 6850"
"125","5440 6541 5300 7000"
"126","5602 2583 9425 3380"
"127","5602 2589 0299 3640"
"128","4405 4986 0502 6100"
"129","5602 2230 2156 8840"
"130","4175 0035 1739 8880"
"131","5108 7506 9019 1940"
"132","5108 7564 4225 0710"
"133","5602 2582 5410 8390"
"134","5602 2469 2286 9140"
"135","5602 2583 8943 3230"
"136","5346 3759 1778 1870"
"137","5007 6672 2724 6870"
"138","4041 5932 2243 6280"
"139","5352 8153 5384 8120"
"140","4017 9512 6519 9820"
"141","5602 2223 7906 4230"
"142","5591 4167 8322 9220"
"143","4041 3798 9213 5910"
"144","6763 6469 3321 2560"
"145","5100 1746 2235 4540"
"146","4844 8729 4649 2700"
"147","5610 6081 8066 2950"
"148","5602 2259 3875 0640"
"149","5602 2172 0954 7000"
"150","4017 9530 5731 3720"
"151","4913 0483 1049 9540"
"152","4017 9522 3648 1360"
"153","5602 2248 7970 0600"
"154","4041 3727 5059 5440"
"155","5602 2274 6492 1120"
"156","5602 2594 9553 1260"
"157","5100 1396 6546 1760"
"158","4041 3741 0162 6800"
"159","5038 4291 1862 0130"
"160","5610 9331 5145 0760"
"161","5602 2298 1245 8520"
"162","5100 1700 5272 2530"
"163","4026 6167 3718 3060"
"164","4175 0067 6932 2810"
"165","5143 1659 1448 3270"
"166","4917 6807 9149 3940"
"167","4917 6112 5292 0880"
"168","4913 6409 8455 8200"
"169","5893 6007 1615 3300"
"170","5242 6718 6093 4610"
"171","5602 2373 3358 4900"
"172","4844 0701 9347 9100"
"173","4017 9552 7026 0020"
"174","4508 9045 0560 4940"
"175","6304 7490 1591 8670"
"176","5020 4630 8128 9190"
"177","5610 8767 6998 3320"
"178","5602 2594 7422 6720"
"179","5602 2389 0752 6040"
"180","5246 7447 3513 5180"
"181","5018 9647 4468 1910"
"182","4041 3789 2869 9900"
"183","5100 1716 5856 4920"
"184","5007 6660 6396 7380"
"185","6304 1413 8294 5480"
"186","5100 1457 8692 7540"
"187","5192 9998 4744 9030"
"188","5512 9340 2463 2620"
"189","5007 6656 4189 0160"
"190","5602 2335 6913 7940"
"191","5602 2274 9139 6070"
"192","4917 8626 3813 8150"
"193","5602 2430 1720 1750"
"194","5602 2509 2664 9310"
"195","5175 0364 4712 5590"
"196","4175 0056 6410 2570"
"197","4026 1834 2744 3820"
"198","6763 9785 5780 7680"
"199","5048 3764 3999 9470"
"200","6304 9774 7120 1720"
"201","6759 9648 8770 9360"
"202","5602 2425 4181 5480"
"203","6763 6541 2719 3200"
"204","5602 2339 0319 0180"
"205","4017 9539 5651 6290"
"206","6762 3204 2276 6550"
"207","4041 3735 6196 0300"
"208","4913 3230 4010 6460"
"209","5602 2289 9168 4000"
"210","6759 9086 2377 0880"
"211","5186 7652 3077 5760"
"212","4041 3747 3847 9830"
"213","4917 1691 2172 3490"
"214","6759 3884 3317 8070"
"215","4917 5739 0269 1910"
"216","4917 0453 7501 9570"
"217","5020 7145 3795 9000"
"218","5002 3512 9603 6520"
"219","5602 2184 0085 9350"
"220","6761 1162 9321 3970"
"221","5007 6681 7060 6150"
"222","5100 1720 9209 0580"
"223","4041 5966 8878 2100"
"224","6761 9869 2768 3310"
"225","5602 2329 9708 7130"
"226","5007 6637 5911 4270"
"227","4917 4828 2403 8370"
"228","5355 7618 5185 7170"
"229","4041 3769 5846 8020"
"230","5602 2287 6069 0900"
"231","5602 2398 3510 7730"
"232","4026 0306 7708 1120"
"233","4405 2750 3856 8470"
"234","5602 2280 2414 7740"
"235","4913 5807 8666 2440"
"236","4017 9592 3740 4930"
"237","4405 9811 6618 5860"
"238","4508 6771 0057 4920"
"239","5602 2142 2981 1040"
"240","5106 6933 1694 8750"
"241","6044 3418 0579 8000"
"242","5893 4102 5495 9200"
"243","4017 9557 1866 7060"
"244","5602 2446 2021 0920"
"245","5602 2241 6251 9070"
"246","5602 2131 9370 7870"
"247","5602 2128 6154 2860"
"248","5610 7216 4943 3560"
"249","4175 0069 7754 0610"
"250","4844 4113 2013 4840"
"251","4844 1629 9033 0870"
"252","5602 2398 5692 4030"
"253","4274 9749 6654 9050"
"254","5100 1341 4419 8970"
"255","5893 1702 5342 3630"
"256","6759 8302 8288 2520"
"257","5108 7525 9279 6280"
"258","5427 4590 4529 3980"
"259","4175 0094 9198 4800"
"260","5602 2402 2334 4340"
"261","5893 7511 6092 2430"
"262","4017 9563 0623 0510"
"263","4508 8285 3860 3880"
"264","5602 2143 0860 6050"
"265","5108 7584 9230 7440"
"266","4832 3723 2043 4710"
"268","4041 3758 8820 1640"
"269","5010 1228 0702 6420"
"270","5602 2482 6103 9060"
"271","5271 7696 2778 6250"
"272","4041 5931 7902 8700"
"273","5602 2247 0517 5720"
"274","6304 6701 9148 6730"
"275","5602 2325 1082 3210"
"276","4041 3751 6402 8910"
"277","4913 7466 1645 6720"
"278","5610 4984 7769 5020"
"279","4451 6522 5982 1950"
"280","6763 0495 2282 0870"
"281","5100 1391 3551 2530"
"282","5007 6689 7937 1150"
"283","5048 3764 0934 8100"
"284","5602 2211 4080 3890"
"285","6048 3407 6171 6700"
"286","5602 2278 5980 2790"
"287","4041 3787 9848 9420"
"288","5474 0563 9964 9460"
"289","4844 4827 5493 8430"
"290","6044 8606 6277 0950"
"291","5038 9664 4128 9960"
"292","4844 3960 5450 4450"
"293","5602 2297 8057 0190"
"294","4844 3050 8231 6910"
"295","4913 1565 5839 1820"
"296","4405 2954 8322 1270"
"297","4041 5907 1886 2690"
"298","6761 7523 7191 3940"
"299","5038 6050 9426 9450"
"300","6759 2726 3838 3610"
"301","4175 0082 8528 7360"
"302","4722 2696 3990 8510"
"303","5602 2122 6028 1410"
"304","4917 3273 5625 7480"
"305","5020 6465 4108 3480"
"306","5602 2195 2664 0530"
"307","5602 2490 7806 6850"
"308","4917 4773 5837 3700"
"309","4405 5872 3657 2900"
"310","5602 2532 6748 3750"
"311","5610 0578 8661 3020"
"312","4917 4723 1361 7500"
"313","5007 6601 2929 1090"
"314","6761 1191 8996 7780"
"315","5010 1268 9953 1870"
"316","4467 0793 5720 9790"
"317","4405 3729 7036 3900"
"318","4175 0010 3621 0700"
"319","5893 3663 7857 2330"
"320","5108 7551 9561 9850"
"321","5048 3717 4026 3780"
"322","5100 1320 1960 5730"
"323","5108 7587 5963 9220"
"324","5893 4791 7981 4140"
"325","5002 3521 1122 8010"
"326","5602 2442 8573 3550"
"327","5002 3582 6875 4500"
"328","5602 2374 0581 3100"
"329","5020 3069 4727 3020"
"330","6763 1144 2646 1230"
"331","5048 3754 1064 4860"
"332","4517 1825 4716 3740"
"333","4405 8696 0971 6730"
"334","4508 3598 2347 0220"
"335","5010 1221 0844 9230"
"336","5038 1562 1443 4160"
"337","4017 9550 4578 0420"
"338","5602 2260 6446 0470"
"339","5602 2193 8979 5660"
"340","4508 5136 3865 0860"
"341","6049 2574 0070 3960"
"342","5100 1788 0086 1750"
"343","4017 9515 9352 7180"
"344","5602 2462 8007 7920"
"345","4917 4805 4968 7500"
"346","4427 1882 2980 6950"
"347","5116 5021 8147 3990"
"348","5610 3527 6293 0230"
"349","5374 8124 4990 6850"
"350","4684 5154 6116 6300"
"351","5010 1298 0910 7780"
"352","4917 1674 1881 1890"
"353","6761 1005 7051 1810"
"354","6763 9222 4830 8890"
"355","5893 4672 5498 7590"
"356","5444 1244 1039 7950"
"357","5020 3992 7284 1900"
"358","6759 6750 9146 2320"
"359","4017 9584 1539 8900"
"360","5602 2465 7591 4010"
"361","5048 3709 6762 0300"
"362","4026 0500 0009 9560"
"363","4917 0895 1002 1340"
"364","4017 9596 6513 4980"
"365","5602 2412 2890 2390"
"366","6763 0778 7140 4250"
"367","5602 2341 2757 2070"
"368","5602 2379 4974 0390"
"369","5002 3514 2698 5470"
"370","5602 2289 6917 4220"
"371","6043 6881 3250 6430"
"372","5007 6655 8421 3760"
"373","5610 0984 2272 6340"
"374","4017 9581 8834 5770"
"375","5100 1424 5579 8600"
"376","6763 0990 8905 3290"
"377","5450 5978 8551 9450"
"378","6762 8721 3344 8980"
"379","5007 6637 2434 4730"
"380","6763 5116 6250 0880"
"381","5007 6652 9989 9510"
"382","5100 1379 4860 8710"
"383","5038 9591 9318 7500"
"384","4454 7642 4722 2570"
"385","4917 1206 7068 1710"
"386","5602 2386 7290 8080"
"387","4917 3670 5508 3150"
"388","5602 2178 5482 1890"
"389","4041 5916 0065 5170"
"390","6304 0080 3736 9400"
"391","5610 4833 3699 2620"
"392","5190 2481 8661 5860"
"393","4041 3737 3341 0330"
"394","6045 8402 5669 0750"
"395","5007 6686 8957 7800"
"396","5100 1329 6010 7400"
"397","5602 2421 0354 5400"
"398","4508 5461 0842 2550"
"399","5602 2163 3195 8670"
"400","4041 3778 6817 6800"
"401","4913 6198 2559 1490"
"402","4405 0414 1625 5390"
"403","4844 3888 7799 0610"
"404","4041 5993 8689 8800"
"405","4017 9583 2422 6050"
"406","5007 6631 0683 4330"
"407","4175 0099 2957 1450"
"408","4844 5420 3979 4490"
"409","6761 5708 4760 7410"
"410","4405 9683 1708 2250"
"411","5048 3763 2352 7930"
"412","4917 9526 9663 5160"
"413","5018 1271 9876 4560"
"414","4405 4745 7492 7000"
"415","4508 4453 4738 9820"
"416","5227 6702 1653 0570"
"417","4917 8296 1024 5270"
"418","4913 9912 0230 6150"
"419","4405 7942 3832 5470"
"420","5602 2508 2775 0910"
"421","5602 2141 1377 3250"
"422","5602 2148 5639 0340"
"423","4508 3533 9169 2750"
"424","4844 0377 4553 8730"
"425","6044 0689 8265 1230"
"426","5350 5830 5687 5960"
"427","4913 2352 8305 8100"
"428","5100 1738 9756 3970"
"429","5038 5508 5031 1280"
"430","6762 9692 4127 8510"
"431","5893 3507 4907 4810"
"432","6762 4156 9345 6080"
"433","4175 0073 6761 4380"
"434","5602 2321 9190 3210"
"435","4041 5970 9974 2380"
"436","5602 2179 9982 1950"
"437","4041 5987 3849 2140"
"438","5234 9346 1875 1140"
"439","5010 1238 0136 3280"
"440","6048 5875 9827 6990"
"441","6759 3579 2974 4440"
"442","5602 2520 4019 5030"
"443","4026 1275 8172 7880"
"444","6304 4354 6775 4560"
"445","5602 2259 7329 2430"
"446","5048 3780 5273 5790"
"448","5602 2278 9757 6280"
"449","4175 0096 5576 3460"
"450","4026 5457 8928 4870"
"451","5602 2312 3840 4950"
"452","5602 2307 2260 7340"
"453","4041 5995 5154 0750"
"454","5002 3572 1398 7940"
"455","5602 2497 7010 8170"
"456","5602 2575 1639 4260"
"457","6761 4589 6329 5270"
"458","5602 2201 8844 3740"
"459","5602 2353 3352 7860"
"460","5602 2287 7177 6840"
"461","5424 9457 3544 7040"
"462","5048 3705 6791 2220"
"463","5602 2372 7836 8190"
"464","5018 7376 3360 3060"
"465","5100 1789 4543 1970"
"466","5020 9746 6273 4290"
"467","4844 2654 3005 7080"
"468","5100 1318 5236 6830"
"469","4844 7495 9741 6710"
"470","4041 3764 8101 3640"
"471","4913 4798 1542 8670"
"472","5002 3554 1618 9860"
"473","4917 5638 1762 5880"
"474","5020 6275 7473 3790"
"475","4134 5757 3111 5720"
"476","4917 9992 2031 1390"
"477","5610 0286 5539 9660"
"478","5602 2320 9944 3660"
"479","4405 5655 7553 3600"
"480","5893 6291 0152 7760"
"481","5602 2382 0953 9050"
"482","5610 9577 0279 2740"
"483","5048 3725 4353 9820"
"484","5489 8922 0127 5380"
"485","4501 7954 3805 4690"
"486","4405 6663 6256 3120"
"487","5602 2477 5326 3180"
"488","4175 0055 3785 3640"
"489","4041 5930 2434 0360"
"490","5048 3739 2980 2640"
"491","5610 5522 7184 5450"
"492","5602 2230 4777 5340"
"493","6048 3612 5717 3170"
"494","4405 7999 1898 1990"
"495","4508 5271 5913 3350"
"496","5002 3521 6307 0410"
"497","5010 1262 5984 2460"
"498","4026 6633 7084 9940"
"499","5100 1796 2224 5790"
"500","4431 3279 3689 4990"
"501","5610 6381 4252 7160"
"502","4844 8589 4837 5090"
"503","5610 6888 8263 9030"
"504","6759 7505 6352 8160"
"505","6761 5641 8057 2220"
"506","5602 2267 1654 6080"
"507","4017 9513 4437 3380"
"508","4041 5939 7046 3660"
"509","5038 6210 2493 8400"
"510","5002 3596 2448 6700"
"511","5602 2413 2214 5250"
"512","4508 9421 6312 6130"
"513","5100 1323 2664 0960"
"514","5020 5811 9601 8220"
"515","6304 7691 8819 3700"
"516","6763 0083 4751 8840"
"517","5002 3509 3354 9660"
"518","5602 2234 0196 6810"
"519","6304 9430 0784 1660"
"520","5602 2271 2698 9100"
"521","4844 7257 8129 7480"
"522","4041 5972 0207 2810"
"523","5610 7623 2929 6020"
"524","5602 2466 5256 7460"
"525","6761 2692 8707 4500"
"526","4330 7236 1576 1160"
"527","4026 1565 0925 1250"
"528","5007 6616 2251 6960"
"529","6044 1601 7003 7620"
"530","4444 3268 8590 5920"
"531","6304 0115 2514 0240"
"532","5010 1270 9301 2600"
"533","5602 2175 6272 9880"
"534","5893 3646 9618 2510"
"535","5602 2373 2719 4980"
"536","5157 0313 3800 3530"
"537","4844 4096 2482 9760"
"538","5562 7543 3826 3990"
"539","5048 3765 0565 9230"
"540","5602 2166 5164 6100"
"541","4917 3336 3244 5500"
"542","5602 2567 0052 5400"
"543","4405 2978 5611 9530"
"544","4844 7839 4664 7040"
"545","5602 2183 3008 5940"
"546","5893 6853 7096 6120"
"547","5100 1392 8392 9700"
"548","6304 6450 2443 0170"
"549","5602 2280 2911 4860"
"550","5038 8491 4909 8880"
"551","5513 3687 5028 3770"
"552","5602 2562 1552 7700"
"553","5309 1951 0763 0190"
"554","4405 1431 2178 2230"
"555","5363 5664 9869 8360"
"556","4405 6837 4168 9610"
"557","6761 4983 7789 8630"
"558","4508 3492 9019 9020"
"559","5602 2537 4558 4890"
"560","5100 1382 5375 9740"
"561","6047 6220 5235 8000"
"562","6759 1911 9538 5180"
"563","5602 2502 6955 3770"
"564","4478 1045 4898 1010"
"565","4405 3711 4240 3080"
"566","4041 3715 4337 3800"
"567","6761 9402 1027 3260"
"568","4041 5993 0176 9040"
"569","4508 7842 7634 3550"
"570","6763 5749 9087 0860"
"571","5020 6649 1161 9330"
"572","5602 2544 9594 8330"
"573","4405 5652 1032 1430"
"574","5610 9546 0798 5510"
"575","4844 4881 5284 8870"
"576","4386 0210 0057 2120"
"577","5602 2388 6149 7230"
"578","5602 2599 8778 0100"
"579","6304 8783 9607 7630"
"580","4175 0049 2370 2880"
"581","4026 4985 8921 7100"
"582","5007 6642 2426 3030"
"583","5610 7384 1283 9300"
"584","5010 1298 8596 1920"
"585","5602 2409 9687 5580"
"586","5893 5201 8257 5140"
"587","4405 7019 1814 1060"
"588","6761 0282 4815 8050"
"589","5100 1716 4688 1740"
"590","4405 7979 0690 3080"
"591","4917 4624 2062 9870"
"592","5018 2113 0495 1030"
"593","4913 2978 9510 5190"
"594","5048 3735 7416 1410"
"595","4405 5877 1677 5750"
"596","4026 0224 4782 4710"
"597","5602 2178 1176 1310"
"598","4508 0999 4235 8010"
"599","5459 5783 3352 8490"
"600","5602 2597 3454 0940"
"601","5100 1356 2686 8520"
"602","5602 2572 4425 3800"
"603","5602 2591 1380 1480"
"604","5602 2503 5580 7290"
"605","5602 2399 4665 0530"
"606","5562 4118 1935 1110"
"607","4807 6103 7758 7020"
"608","5610 2510 5774 5230"
"609","5602 2505 7281 9470"
"610","5602 2241 2742 0930"
"611","5007 6699 0686 0730"
"612","5602 2242 6291 6890"
"613","5020 3815 6835 5160"
"614","5002 3545 6504 7590"
"615","5610 4252 2617 6290"
"616","5010 1207 6384 7380"
"617","4026 3558 8228 4300"
"618","4017 9575 9071 2070"
"619","5610 3888 7968 2460"
"620","5340 9830 3638 3320"
"621","4041 3772 3416 5760"
"622","6304 8914 4187 8460"
"623","5150 3632 9564 7880"
"624","5602 2598 7143 9220"
"625","4844 2944 9986 8750"
"626","6763 9919 0836 6230"
"627","5584 3157 2356 9490"
"628","5602 2129 4691 8650"
"629","4913 5404 5878 0500"
"630","4844 5859 0294 2100"
"631","6304 0243 7171 7090"
"632","5602 2494 5270 3980"
"633","6763 1792 1605 3550"
"634","6759 1688 9538 1560"
"635","4017 9514 8105 5170"
"636","5602 2176 1647 6550"
"637","5340 0988 6659 3590"
"638","4017 9597 5272 7420"
"639","6759 1257 3281 5760"
"640","5145 9604 7940 4150"
"641","5048 3720 3835 5030"
"642","4295 4160 0990 4910"
"643","5018 6094 5894 7500"
"644","4404 5683 3965 5530"
"645","5602 2279 8056 0630"
"646","5602 2498 5218 0040"
"647","6763 8970 7193 9020"
"648","5108 7563 5148 9130"
"649","4913 2571 4422 1380"
"650","4175 0039 4498 7660"
"651","6761 7063 9197 2850"
"652","6331 1014 1453 9000"
"653","6761 7172 7608 5630"
"654","5602 2507 4801 3480"
"655","4913 8775 2128 9690"
"656","5602 2119 0052 7500"
"657","3546 4284 7828 1530"
"658","3561 1225 0947 2490"
"659","5108 7533 0749 5010"
"660","3557 1799 6420 7020"
"661","3561 2272 3061 7730"
"662","5610 1205 5392 6420"
"663","3560 5876 9947 4390"
"664","3556 0626 5439 0970"
"665","5602 2553 6264 0720"
"666","3577 1936 8745 4370"
"667","3586 8755 5920 5470"
"668","4017 9517 1384 5700"
"669","6762 5908 0348 8440"
"670","5893 7897 0519 7320"
"671","3586 9460 0810 5400"
"672","5048 3768 4487 5880"
"673","3582 6489 1917 0210"
"674","3530 9961 6292 9390"
"675","4844 9807 8449 1400"
"676","5602 2234 0085 8420"
"677","4913 6796 8187 7500"
"678","5602 2258 6719 2780"
"679","6761 2572 4312 1620"
"680","3530 1236 0614 5870"
"681","4913 3534 8318 6240"
"682","3571 6740 0491 6840"
"683","3533 4834 6587 4630"
"684","6762 6814 5058 7350"
"685","5610 4907 4349 1810"
"686","5641 8248 9706 0800"
"687","3559 3822 3894 9670"
"688","5048 3764 1329 9910"
"689","6040 0987 2351 4840"
"690","5602 2356 7640 6770"
"691","4903 3926 8484 5070"
"692","5210 1929 7305 5490"
"693","5602 2471 4871 0290"
"694","4508 9497 4776 5170"
"695","3547 2527 2011 8030"
"696","3584 9373 3513 7250"
"697","5583 3521 7545 7210"
"698","6334 8294 3843 6400"
"699","6385 8879 9380 0140"
"700","4913 9574 3417 1250"
"701","3565 1628 7459 8390"
"702","3573 7867 7636 3870"
"703","4913 2677 5180 7340"
"704","4913 2506 7226 0100"
"705","6399 3581 3416 5340"
"706","3563 7051 7668 9800"
"707","3547 3362 9421 6020"
"708","6304 2243 5650 7500"
"709","3563 9889 2785 1670"
"710","4764 6457 9381 6640"
"711","3566 1667 8927 8340"
"712","4041 5912 4271 6800"
"713","3533 1833 7446 7980"
"714","5602 2514 1749 2790"
"715","5010 1223 6534 3530"
"716","3567 4221 4411 4650"
"717","5002 3565 3502 9280"
"718","5295 9246 2220 9310"
"719","5283 4518 8942 8240"
"720","5100 1302 9391 7560"
"721","6334 2993 9871 3330"
"722","5119 5866 2647 2170"
"723","4041 5938 3928 4320"
"724","3560 3551 3676 0550"
"725","6762 0331 9912 6010"
"726","5602 2373 3760 6930"
"727","5550 2196 4447 4200"
"728","5100 1479 6516 1600"
"729","5342 8851 7683 9710"
"730","3581 8509 9242 7670"
"731","4041 3720 8499 9870"
"732","3540 1138 5155 2290"
"733","3553 8465 7553 7340"
"734","5602 2176 4101 3450"
"735","5602 2534 1929 0560"
"736","5010 1223 4100 3240"
"737","5602 2161 6102 7260"
"738","3573 9626 1022 6240"
"739","5546 1658 1711 7030"
"740","6047 7824 3294 8030"
"741","4936 5264 3973 2390"
"742","5160 3291 7733 3220"
"743","5610 1476 8650 7580"
"744","3577 2040 6055 6850"
"745","3531 0993 7040 4590"
"746","5527 0822 9537 5970"
"747","4917 6847 1024 8340"
"748","6304 6709 8016 2320"
"749","3528 4765 1290 0550"
"750","4913 1569 0789 7610"
"751","4647 4964 1865 4950"
"752","5425 1800 5062 8360"
"753","3531 0110 4310 0580"
"754","5229 7129 0684 3580"
"755","4175 0089 4427 5140"
"756","5587 7862 1075 8530"
"757","3563 9136 2521 7370"
"758","5610 7020 7062 8040"
"759","5602 2378 7591 6290"
"760","3538 3149 1974 7620"
"761","3531 8506 1109 1470"
"762","5587 1329 7473 3070"
"763","6304 4310 3205 1110"
"764","4844 4491 3483 1170"
"765","3574 6711 8289 0610"
"766","5602 2367 7398 0570"
"767","3558 1478 4138 1710"
"768","4844 7385 0479 2560"
"769","6763 2281 4611 5010"
"770","5108 7587 9129 6510"
"771","3528 6858 0591 0050"
"772","5508 6948 7464 9300"
"773","3582 5128 5157 3270"
"774","3533 7415 7054 8620"
"775","3554 0678 2673 6050"
"776","4026 8016 2266 6250"
"777","3589 0701 4847 5060"
"778","3567 4897 4712 5020"
"779","5602 2220 0381 3660"
"780","3578 0941 9710 2440"
"781","3539 8785 1452 3630"
"782","5020 7753 6131 5870"
"783","4041 3795 6170 6210"
"784","5038 7245 8005 1970"
"785","4913 4626 0573 9810"
"786","5454 1506 6713 2340"
"787","5513 2817 5906 3880"
"788","5602 2548 8864 5700"
"789","3578 3267 9796 1020"
"790","5002 3597 7256 4500"
"791","3583 5270 2125 6270"
"792","4026 0330 0173 6530"
"793","3581 8742 5414 5190"
"794","3578 3715 5992 4720"
"795","3535 7477 9506 1880"
"796","5100 1763 0840 7130"
"797","6759 3735 2418 6810"
"798","3556 2249 8244 0150"
"799","6049 2785 5988 0330"
"800","4844 8958 5430 2900"
"801","5602 2262 1858 7540"
"802","3531 2272 6707 6320"
"803","3579 0553 7153 6610"
"804","4913 3327 6970 2860"
"805","5018 5786 8987 0770"
"806","3554 5207 0469 1240"
"807","3573 4553 6914 9340"
"808","5266 5021 0539 2920"
"809","6333 8130 5692 1600"
"810","3566 2592 1175 2520"
"811","4041 3773 4411 4300"
"812","5352 4435 2271 3760"
"813","4905 7818 6593 4040"
"814","4026 2535 0911 2710"
"815","5602 2199 1877 3240"
"816","3564 9238 2420 2480"
"817","6045 0011 7479 2000"
"818","5584 6267 4436 4530"
"819","6331 1017 3722 2740"
"820","5602 2319 6174 4140"
"821","3533 3013 2585 7660"
"822","3551 2215 4849 7200"
"823","5228 5972 1692 8140"
"824","5610 4145 2306 8830"
"825","3560 6982 0155 8650"
"826","3537 4143 9962 1830"
"827","5007 6694 3305 0660"
"828","3548 4499 4029 6130"
"829","3539 0589 2223 1170"
"830","4911 9460 7242 3450"
"831","5515 5022 6463 5030"
"832","5048 3747 6645 9470"
"833","3538 7427 3351 1990"
"834","6386 5708 5966 1320"
"835","3561 9866 1306 6060"
"836","3563 8620 8334 6050"
"837","3569 5197 2565 4660"
"838","3587 6033 8927 7600"
"839","4844 0030 6035 1950"
"840","5602 2506 7403 6830"
"841","5018 9192 8330 4940"
"842","5602 2486 4978 8140"
"843","5018 9140 9601 6160"
"844","3558 7053 9543 1540"
"845","6333 1914 5913 9910"
"846","6763 1056 6835 1760"
"847","4175 0035 4156 1260"
"848","5002 3581 5389 7390"
"849","4041 5934 8978 8530"
"850","6304 7756 0182 0260"
"851","4175 0089 3555 8890"
"852","4017 9567 7982 3260"
"853","3589 8777 9806 4920"
"854","3572 1063 0070 8440"
"855","5610 9752 3708 6730"
"856","5602 2208 1182 8670"
"857","3569 0276 9587 3450"
"858","5893 0649 9652 7230"
"859","6763 2267 5705 6680"
"860","6375 7701 7522 6660"
"861","3566 0212 6164 0200"
"862","3569 9974 9629 1550"
"863","5536 2257 7329 2170"
"864","5893 2721 5033 5360"
"865","5108 7567 3136 6310"
"866","5146 8669 6372 9920"
"867","3532 0480 2228 4150"
"868","5602 2545 5489 6370"
"869","6762 6140 8149 2820"
"870","3571 5131 6034 2020"
"871","3538 7975 6597 6910"
"872","3587 9638 7184 9590"
"873","3530 1632 9895 7890"
"874","5470 5731 8904 1660"
"875","5020 2635 3405 0900"
"876","4508 7017 5681 5090"
"877","3541 9740 8279 1460"
"878","5018 6858 2662 7110"
"879","4508 1853 9173 7910"
"880","3532 9611 4899 6100"
"881","5018 1057 1569 1950"
"882","4905 1428 2357 1870"
"883","5602 2158 3697 6920"
"884","5602 2360 0129 8310"
"885","4844 0219 6950 7940"
"886","5010 1265 2616 3650"
"887","5602 2479 7713 2650"
"888","4041 5902 8046 0260"
"889","3790 3061 3599 6460"
"890","3540 9498 4685 7450"
"891","3533 6252 3788 8760"
"892","3583 3273 6986 5440"
"893","6041 8725 6365 6880"
"894","3548 9388 4485 7680"
"895","5010 1260 7570 7640"
"896","5610 1511 1683 6060"
"897","3545 7960 4219 4270"
"898","6376 2820 9988 3740"
"899","5100 1396 5542 9990"
"900","5143 4923 7413 5880"
"901","3555 7141 8960 7150"
"902","3545 1032 7855 1860"
"903","5038 8224 9613 6650"
"904","3573 6594 5308 8220"
"905","4041 5960 8427 6660"
"906","3564 7164 5821 6790"
"907","5018 3574 7994 6120"
"908","5602 2236 2768 3070"
"909","5602 2139 4661 0080"
"910","5602 2492 3236 4090"
"911","3540 0008 5096 8400"
"912","3536 8427 2897 6660"
"913","5602 2115 6109 5610"
"914","4041 3766 3503 1100"
"915","3529 5664 5588 1830"
"916","3583 0003 0165 8410"
"917","3561 1597 5902 1590"
"918","3549 8410 8919 5650"
"919","4917 8052 8300 0820"
"920","5602 2195 9336 8330"
"921","4913 2305 8915 8210"
"922","3571 9471 3119 4600"
"923","6759 2911 5621 5400"
"924","6709 8217 6179 8990"
"925","5421 4407 7383 7440"
"926","5610 2042 5676 8960"
"927","5602 2430 1178 3560"
"928","3565 8031 4922 4170"
"929","6334 8502 4934 9250"
"930","5588 4514 6506 1530"
"931","5131 2713 3210 7410"
"932","6304 1428 1123 0300"
"933","5602 2262 3321 3800"
"934","5602 2531 2826 0920"
"935","3565 2993 2474 9310"
"936","5602 2139 4626 1330"
"937","5602 2166 6729 1990"
"938","3550 6557 8929 3030"
"939","4405 5810 9759 9200"
"940","6762 5651 9638 6310"
"941","3558 5038 4914 9570"
"942","6333 9603 6763 2440"
"943","5602 2545 5035 1260"
"944","5540 6239 0329 7340"
"945","3565 1527 9648 7870"
"946","5602 2126 8424 5440"
"947","5106 0252 5601 3470"
"948","4041 3761 2256 9380"
"949","5602 2538 0501 3380"
"950","3587 8930 8300 2270"
"951","6767 6032 4902 9390"
"952","3556 2073 8415 3310"
"953","5100 1419 3749 4950"
"954","3572 0461 9843 4200"
"955","6762 7457 8489 9240"
"956","3541 6292 4743 0590"
"957","5602 2147 6895 6920"
"958","6043 0406 2412 4820"
"959","6044 5533 7124 0210"
"960","6763 6581 7141 2900"
"961","6763 3775 4686 7920"
"962","4405 6293 5131 0920"
"963","5108 7549 1417 1350"
"964","4026 6720 2554 0570"
"965","6706 1778 7730 8430"
"966","6381 0873 2239 3280"
"967","3544 2315 1230 5850"
"968","5602 2594 3398 9490"
"969","4917 6668 6520 4370"
"970","3550 6022 5180 1540"
"971","5511 9831 6702 7130"
"972","6761 1922 4364 7810"
"973","6040 5302 7595 6970"
"974","5108 7512 0927 9240"
"975","3564 1164 2791 7100"
"976","3541 6008 8102 9890"
"977","3574 6562 4022 3930"
"978","3542 2158 6619 3870"
"979","5515 8243 8600 4670"
"980","3539 0372 4929 7120"
"981","3565 8769 3085 8240"
"982","5602 2514 2529 3790"
"983","6771 6234 6761 0380"
"984","3555 3815 5749 2940"
"985","5359 8501 0461 1290"
"986","5602 2552 3505 6410"
"987","5038 2584 1287 7350"
"988","5610 6514 2125 0770"
"989","3541 7020 5024 8880"
"990","3540 4005 9383 7940"
"991","4448 3797 9419 7160"
"992","3555 1571 2180 0410"
"993","5007 6629 3517 0650"
"994","5602 2332 8165 5320"
"995","4844 2208 1505 4930"
"996","4936 8032 7972 2850"
"997","3578 3434 6645 1520"
"998","4994 0628 0282 6590"
"999","5575 7429 0949 1490"
"1000","5100 1327 3270 4320"