"id","user_id","date","amount"
"1","54","2022-11-01 06:21:52","-213"
"2","448","2022-11-01 06:21:52","1212"
"3","851","2022-11-01 06:21:52","-624"
"4","27","2022-11-01 06:21:52","-354"
"5","103","2022-11-01 10:20:52","385"
"6","533","2022-11-01 10:20:52","-495"
"7","794","2022-11-01 10:20:52","620"
"8","238","2022-11-01 10:20:52","596"
"9","496","2022-11-02 05:46:34","-400"
"10","129","2022-11-02 05:46:34","-204"
"11","399","2022-11-02 05:46:34","136"
"12","400","2022-11-02 05:46:34","479"
"13","123","2022-11-02 21:33:53","551"
"14","716","2022-11-02 21:33:53","1219"
"15","858","2022-11-02 21:33:53","767"
"16","617","2022-11-02 21:33:53","1269"
"17","73","2022-11-03 15:18:02","1276"
"18","749","2022-11-03 15:18:02","441"
"19","722","2022-11-03 15:18:02","1226"
"20","864","2022-11-03 15:18:02","520"
"21","980","2022-11-04 17:34:08","684"
"22","5","2022-11-04 17:34:08","-692"
"23","662","2022-11-04 17:34:08","1864"
"24","940","2022-11-04 17:34:08","1800"
"25","163","2022-11-04 22:51:53","-374"
"26","227","2022-11-04 22:51:53","1019"
"27","867","2022-11-04 22:51:53","-693"
"28","39","2022-11-04 22:51:53","1799"
"29","900","2022-11-05 00:57:39","1764"
"30","28","2022-11-05 00:57:39","195"
"31","437","2022-11-05 00:57:39","1728"
"32","594","2022-11-05 00:57:39","-670"
"33","23","2022-11-05 02:36:38","1967"
"34","814","2022-11-05 02:36:38","849"
"35","881","2022-11-05 02:36:38","-122"
"36","582","2022-11-05 02:36:38","178"
"37","32","2022-11-05 15:53:51","745"
"38","788","2022-11-05 15:53:51","756"
"39","119","2022-11-05 15:53:51","509"
"40","22","2022-11-05 15:53:51","688"
"41","599","2022-11-07 12:41:06","1701"
"42","436","2022-11-07 12:41:06","-729"
"43","550","2022-11-07 12:41:06","1174"
"44","143","2022-11-07 12:41:06","-547"
"45","598","2022-11-07 23:23:52","1275"
"46","84","2022-11-07 23:23:52","1940"
"47","666","2022-11-07 23:23:52","482"
"48","114","2022-11-07 23:23:52","-429"
"49","626","2022-11-08 07:52:09","-291"
"50","291","2022-11-08 07:52:09","-683"
"51","91","2022-11-08 07:52:09","-641"
"52","882","2022-11-08 07:52:09","1976"
"53","530","2022-11-08 10:24:08","1553"
"54","615","2022-11-08 10:24:08","-777"
"55","392","2022-11-08 10:24:08","1059"
"56","489","2022-11-08 10:24:08","-453"
"57","253","2022-11-08 19:32:58","-189"
"58","796","2022-11-08 19:32:58","1182"
"59","5","2022-11-08 19:32:58","848"
"60","439","2022-11-08 19:32:58","1024"
"61","544","2022-11-08 22:23:09","882"
"62","77","2022-11-08 22:23:09","1716"
"63","926","2022-11-08 22:23:09","-265"
"64","319","2022-11-08 22:23:09","1523"
"65","194","2022-11-09 14:02:43","1254"
"66","121","2022-11-09 14:02:43","567"
"67","702","2022-11-09 14:02:43","1367"
"68","710","2022-11-09 14:02:43","641"
"69","810","2022-11-10 05:23:41","-147"
"70","729","2022-11-10 05:23:41","1128"
"71","20","2022-11-10 05:23:41","308"
"72","885","2022-11-10 05:23:41","657"
"73","951","2022-11-10 06:18:22","117"
"74","317","2022-11-10 06:18:22","1651"
"75","500","2022-11-10 06:18:22","1427"
"76","2","2022-11-10 06:18:22","1112"
"77","546","2022-11-10 15:11:53","-681"
"78","378","2022-11-10 15:11:53","1724"
"79","543","2022-11-10 15:11:53","857"
"80","527","2022-11-10 15:11:53","330"
"81","699","2022-11-10 16:30:59","-101"
"82","372","2022-11-10 16:30:59","1943"
"83","646","2022-11-10 16:30:59","-747"
"84","674","2022-11-10 16:30:59","1599"
"85","145","2022-11-10 21:46:33","1108"
"86","409","2022-11-10 21:46:33","-606"
"87","690","2022-11-10 21:46:33","169"
"88","375","2022-11-10 21:46:33","1479"
"89","901","2022-11-11 01:23:10","-452"
"90","688","2022-11-11 01:23:10","-204"
"91","97","2022-11-11 01:23:10","1006"
"92","800","2022-11-11 01:23:10","981"
"93","349","2022-11-11 08:43:38","195"
"94","803","2022-11-11 08:43:38","-108"
"95","857","2022-11-11 08:43:38","195"
"96","61","2022-11-11 08:43:38","602"
"97","30","2022-11-11 10:36:32","-527"
"98","106","2022-11-11 10:36:32","701"
"99","625","2022-11-11 10:36:32","1981"
"100","826","2022-11-11 10:36:32","592"
"101","133","2022-11-12 10:01:10","-268"
"102","968","2022-11-12 10:01:10","1396"
"103","595","2022-11-12 10:01:10","634"
"104","865","2022-11-12 10:01:10","353"
"105","29","2022-11-13 07:11:10","1652"
"106","411","2022-11-13 07:11:10","1757"
"107","426","2022-11-13 07:11:10","1507"
"108","790","2022-11-13 07:11:10","1576"
"109","7","2022-11-13 08:58:28","604"
"110","788","2022-11-13 08:58:28","1488"
"111","344","2022-11-13 08:58:28","-791"
"112","54","2022-11-13 08:58:28","-415"
"113","584","2022-11-13 21:29:29","-714"
"114","534","2022-11-13 21:29:29","483"
"115","495","2022-11-13 21:29:29","-200"
"116","725","2022-11-13 21:29:29","1100"
"117","462","2022-11-14 04:36:41","1778"
"118","395","2022-11-14 04:36:41","536"
"119","899","2022-11-14 04:36:41","-700"
"120","5","2022-11-14 04:36:41","650"
"121","17","2022-11-14 07:28:14","524"
"122","463","2022-11-14 07:28:14","-701"
"123","518","2022-11-14 07:28:14","-237"
"124","535","2022-11-14 07:28:14","1112"
"125","880","2022-11-14 10:39:10","874"
"126","543","2022-11-14 10:39:10","1583"
"127","713","2022-11-14 10:39:10","-106"
"128","45","2022-11-14 10:39:10","-312"
"129","856","2022-11-14 20:04:29","1446"
"130","141","2022-11-14 20:04:29","997"
"131","591","2022-11-14 20:04:29","1831"
"132","39","2022-11-14 20:04:29","998"
"133","381","2022-11-14 21:46:44","1249"
"134","941","2022-11-14 21:46:44","778"
"135","471","2022-11-14 21:46:44","923"
"136","978","2022-11-14 21:46:44","1693"
"137","682","2022-11-14 22:19:57","1797"
"138","621","2022-11-14 22:19:57","1572"
"139","786","2022-11-14 22:19:57","999"
"140","703","2022-11-14 22:19:57","334"
"141","241","2022-11-16 05:31:49","-106"
"142","432","2022-11-16 05:31:49","1064"
"143","501","2022-11-16 05:31:49","1273"
"144","263","2022-11-16 05:31:49","941"
"145","535","2022-11-16 11:58:30","970"
"146","562","2022-11-16 11:58:30","1436"
"147","802","2022-11-16 11:58:30","-245"
"148","148","2022-11-16 11:58:30","899"
"149","956","2022-11-16 16:26:43","1956"
"150","572","2022-11-16 16:26:43","-371"
"151","746","2022-11-16 16:26:43","1790"
"152","837","2022-11-16 16:26:43","-121"
"153","109","2022-11-16 18:34:50","1205"
"154","490","2022-11-16 18:34:50","185"
"155","22","2022-11-16 18:34:50","-179"
"156","731","2022-11-16 18:34:50","-246"
"157","73","2022-11-17 07:42:44","1274"
"158","263","2022-11-17 07:42:44","1139"
"159","53","2022-11-17 07:42:44","1399"
"160","573","2022-11-17 07:42:44","-141"
"161","520","2022-11-18 05:20:16","1159"
"162","430","2022-11-18 05:20:16","-238"
"163","334","2022-11-18 05:20:16","738"
"164","458","2022-11-18 05:20:16","1992"
"165","885","2022-11-18 06:02:16","1165"
"166","994","2022-11-18 06:02:16","-433"
"167","907","2022-11-18 06:02:16","1639"
"168","726","2022-11-18 06:02:16","-554"
"169","46","2022-11-18 19:56:18","875"
"170","420","2022-11-18 19:56:18","314"
"171","858","2022-11-18 19:56:18","935"
"172","848","2022-11-18 19:56:18","-353"
"173","980","2022-11-19 02:24:41","1544"
"174","617","2022-11-19 02:24:41","1489"
"175","162","2022-11-19 02:24:41","-619"
"176","528","2022-11-19 02:24:41","899"
"177","248","2022-11-19 04:59:39","999"
"178","375","2022-11-19 04:59:39","828"
"179","842","2022-11-19 04:59:39","1993"
"180","498","2022-11-19 04:59:39","996"
"181","497","2022-11-19 09:58:46","772"
"182","6","2022-11-19 09:58:46","1090"
"183","234","2022-11-19 09:58:46","1132"
"184","756","2022-11-19 09:58:46","1062"
"185","489","2022-11-19 11:54:25","1300"
"186","369","2022-11-19 11:54:25","236"
"187","777","2022-11-19 11:54:25","346"
"188","826","2022-11-19 11:54:25","810"
"189","100","2022-11-19 18:55:51","1217"
"190","959","2022-11-19 18:55:51","1364"
"191","596","2022-11-19 18:55:51","829"
"192","196","2022-11-19 18:55:51","274"
"193","659","2022-11-19 22:48:05","1480"
"194","143","2022-11-19 22:48:05","-613"
"195","841","2022-11-19 22:48:05","-110"
"196","524","2022-11-19 22:48:05","1555"
"197","588","2022-11-20 01:19:25","209"
"198","482","2022-11-20 01:19:25","-778"
"199","356","2022-11-20 01:19:25","104"
"200","747","2022-11-20 01:19:25","1950"
"201","689","2022-11-20 16:15:10","1329"
"202","290","2022-11-20 16:15:10","1644"
"203","778","2022-11-20 16:15:10","1883"
"204","891","2022-11-20 16:15:10","-138"
"205","188","2022-11-21 05:06:54","865"
"206","763","2022-11-21 05:06:54","-430"
"207","521","2022-11-21 05:06:54","-491"
"208","33","2022-11-21 05:06:54","1275"
"209","261","2022-11-22 05:50:40","-756"
"210","212","2022-11-22 05:50:40","695"
"211","743","2022-11-22 05:50:40","-675"
"212","695","2022-11-22 05:50:40","264"
"213","445","2022-11-22 07:36:54","1299"
"214","292","2022-11-22 07:36:54","719"
"215","469","2022-11-22 07:36:54","1779"
"216","272","2022-11-22 07:36:54","494"
"217","974","2022-11-22 14:13:29","1314"
"218","127","2022-11-22 14:13:29","-420"
"219","354","2022-11-22 14:13:29","1760"
"220","879","2022-11-22 14:13:29","-491"
"221","215","2022-11-24 06:29:16","292"
"222","903","2022-11-24 06:29:16","713"
"223","672","2022-11-24 06:29:16","1740"
"224","400","2022-11-24 06:29:16","1255"
"225","361","2022-11-25 01:25:50","-237"
"226","107","2022-11-25 01:25:50","271"
"227","241","2022-11-25 01:25:50","-790"
"228","192","2022-11-25 01:25:50","614"
"229","67","2022-11-25 09:08:20","-737"
"230","596","2022-11-25 09:08:20","1657"
"231","916","2022-11-25 09:08:20","1392"
"232","812","2022-11-25 09:08:20","1890"
"233","110","2022-11-26 00:35:52","1892"
"234","362","2022-11-26 00:35:52","634"
"235","907","2022-11-26 00:35:52","553"
"236","619","2022-11-26 00:35:52","1774"
"237","822","2022-11-26 04:13:24","790"
"238","264","2022-11-26 04:13:24","1171"
"239","150","2022-11-26 04:13:24","394"
"240","436","2022-11-26 04:13:24","1029"
"241","233","2022-11-26 11:16:05","-659"
"242","313","2022-11-26 11:16:05","-675"
"243","377","2022-11-26 11:16:05","-550"
"244","281","2022-11-26 11:16:05","484"
"245","95","2022-11-26 13:18:15","1145"
"246","813","2022-11-26 13:18:15","906"
"247","495","2022-11-26 13:18:15","1149"
"248","700","2022-11-26 13:18:15","1981"
"249","816","2022-11-27 13:50:15","335"
"250","936","2022-11-27 13:50:15","1460"
"251","71","2022-11-27 13:50:15","613"
"252","247","2022-11-27 13:50:15","590"
"253","208","2022-11-27 16:47:10","-272"
"254","899","2022-11-27 16:47:10","388"
"255","661","2022-11-27 16:47:10","1643"
"256","394","2022-11-27 16:47:10","1157"
"257","300","2022-11-28 06:57:19","1294"
"258","289","2022-11-28 06:57:19","-617"
"259","264","2022-11-28 06:57:19","277"
"260","769","2022-11-28 06:57:19","381"
"261","196","2022-11-29 06:01:25","-509"
"262","381","2022-11-29 06:01:25","1019"
"263","877","2022-11-29 06:01:25","1941"
"264","687","2022-11-29 06:01:25","-557"
"265","483","2022-11-29 08:13:38","109"
"266","883","2022-11-29 08:13:38","1614"
"267","986","2022-11-29 08:13:38","1218"
"268","216","2022-11-29 08:13:38","-656"
"269","129","2022-11-29 19:02:44","927"
"270","635","2022-11-29 19:02:44","1169"
"271","653","2022-11-29 19:02:44","1368"
"272","308","2022-11-29 19:02:44","1488"
"273","417","2022-11-30 06:34:56","1343"
"274","742","2022-11-30 06:34:56","1437"
"275","606","2022-11-30 06:34:56","1742"
"276","595","2022-11-30 06:34:56","506"
"277","311","2022-11-30 10:09:55","172"
"278","287","2022-11-30 10:09:55","-726"
"279","758","2022-11-30 10:09:55","-669"
"280","812","2022-11-30 10:09:55","151"
"281","270","2022-11-30 23:30:49","1460"
"282","729","2022-11-30 23:30:49","226"
"283","528","2022-11-30 23:30:49","-646"
"284","892","2022-11-30 23:30:49","610"
"285","870","2022-12-02 06:13:14","741"
"286","734","2022-12-02 06:13:14","1955"
"287","88","2022-12-02 06:13:14","543"
"288","537","2022-12-02 06:13:14","-424"
"289","422","2022-12-02 16:40:17","248"
"290","660","2022-12-02 16:40:17","882"
"291","922","2022-12-02 16:40:17","419"
"292","252","2022-12-02 16:40:17","620"
"293","398","2022-12-02 21:58:35","-229"
"294","772","2022-12-02 21:58:35","1821"
"295","701","2022-12-02 21:58:35","478"
"296","402","2022-12-02 21:58:35","-736"
"297","376","2022-12-03 16:12:13","1848"
"298","818","2022-12-03 16:12:13","-157"
"299","508","2022-12-03 16:12:13","463"
"300","38","2022-12-03 16:12:13","1475"
"301","326","2022-12-03 23:38:29","950"
"302","751","2022-12-03 23:38:29","916"
"303","880","2022-12-03 23:38:29","140"
"304","30","2022-12-03 23:38:29","1348"
"305","117","2022-12-04 05:13:11","1075"
"306","949","2022-12-04 05:13:11","1132"
"307","748","2022-12-04 05:13:11","970"
"308","181","2022-12-04 05:13:11","-436"
"309","494","2022-12-04 08:03:13","930"
"310","975","2022-12-04 08:03:13","1279"
"311","210","2022-12-04 08:03:13","-292"
"312","570","2022-12-04 08:03:13","510"
"313","628","2022-12-04 09:30:05","1185"
"314","951","2022-12-04 09:30:05","249"
"315","238","2022-12-04 09:30:05","1625"
"316","90","2022-12-04 09:30:05","506"
"317","247","2022-12-05 10:29:33","470"
"318","239","2022-12-05 10:29:33","974"
"319","102","2022-12-05 10:29:33","1547"
"320","435","2022-12-05 10:29:33","665"
"321","337","2022-12-05 17:35:40","261"
"322","278","2022-12-05 17:35:40","-204"
"323","688","2022-12-05 17:35:40","1290"
"324","609","2022-12-05 17:35:40","1159"
"325","119","2022-12-05 22:14:42","-165"
"326","584","2022-12-05 22:14:42","750"
"327","19","2022-12-05 22:14:42","1228"
"328","555","2022-12-05 22:14:42","-741"
"329","939","2022-12-06 03:52:11","1634"
"330","348","2022-12-06 03:52:11","1723"
"331","897","2022-12-06 03:52:11","-441"
"332","487","2022-12-06 03:52:11","-355"
"333","876","2022-12-06 10:56:45","969"
"334","784","2022-12-06 10:56:45","1926"
"335","25","2022-12-06 10:56:45","-170"
"336","288","2022-12-06 10:56:45","1227"
"337","126","2022-12-06 11:00:23","733"
"338","316","2022-12-06 11:00:23","1580"
"339","333","2022-12-06 11:00:23","175"
"340","660","2022-12-06 11:00:23","1637"
"341","790","2022-12-06 18:07:12","951"
"342","412","2022-12-06 18:07:12","1947"
"343","127","2022-12-06 18:07:12","-442"
"344","288","2022-12-06 18:07:12","-636"
"345","639","2022-12-06 19:14:46","-502"
"346","15","2022-12-06 19:14:46","917"
"347","574","2022-12-06 19:14:46","839"
"348","397","2022-12-06 19:14:46","1177"
"349","270","2022-12-06 21:31:04","1656"
"350","679","2022-12-06 21:31:04","232"
"351","272","2022-12-06 21:31:04","411"
"352","386","2022-12-06 21:31:04","1559"
"353","176","2022-12-06 23:33:14","1849"
"354","141","2022-12-06 23:33:14","1009"
"355","908","2022-12-06 23:33:14","1711"
"356","383","2022-12-06 23:33:14","130"
"357","110","2022-12-07 01:55:16","1799"
"358","780","2022-12-07 01:55:16","416"
"359","225","2022-12-07 01:55:16","-516"
"360","10","2022-12-07 01:55:16","1489"
"361","82","2022-12-07 02:08:10","1643"
"362","470","2022-12-07 02:08:10","500"
"363","322","2022-12-07 02:08:10","-148"
"364","32","2022-12-07 02:08:10","-578"
"365","744","2022-12-07 20:54:34","991"
"366","725","2022-12-07 20:54:34","694"
"367","154","2022-12-07 20:54:34","1189"
"368","231","2022-12-07 20:54:34","1618"
"369","179","2022-12-08 01:13:04","1284"
"370","792","2022-12-08 01:13:04","562"
"371","680","2022-12-08 01:13:04","462"
"372","965","2022-12-08 01:13:04","487"
"373","214","2022-12-09 01:08:38","672"
"374","223","2022-12-09 01:08:38","448"
"375","994","2022-12-09 01:08:38","1777"
"376","163","2022-12-09 01:08:38","1180"
"377","104","2022-12-09 09:54:22","1725"
"378","358","2022-12-09 09:54:22","-349"
"379","290","2022-12-09 09:54:22","-143"
"380","112","2022-12-09 09:54:22","1736"
"381","766","2022-12-09 09:55:26","1120"
"382","278","2022-12-09 09:55:26","233"
"383","762","2022-12-09 09:55:26","1555"
"384","173","2022-12-09 09:55:26","254"
"385","801","2022-12-09 15:16:09","840"
"386","101","2022-12-09 15:16:09","1436"
"387","974","2022-12-09 15:16:09","1115"
"388","296","2022-12-09 15:16:09","1419"
"389","62","2022-12-09 20:23:32","-242"
"390","598","2022-12-09 20:23:32","1871"
"391","587","2022-12-09 20:23:32","1479"
"392","956","2022-12-09 20:23:32","1394"
"393","852","2022-12-09 23:18:28","1524"
"394","963","2022-12-09 23:18:28","-761"
"395","830","2022-12-09 23:18:28","-696"
"396","241","2022-12-09 23:18:28","-568"
"397","726","2022-12-10 19:41:40","838"
"398","379","2022-12-10 19:41:40","1745"
"399","353","2022-12-10 19:41:40","780"
"400","490","2022-12-10 19:41:40","1932"
"401","921","2022-12-10 21:51:16","-510"
"402","762","2022-12-10 21:51:16","878"
"403","853","2022-12-10 21:51:16","680"
"404","976","2022-12-10 21:51:16","-670"
"405","170","2022-12-10 22:38:08","1264"
"406","979","2022-12-10 22:38:08","407"
"407","997","2022-12-10 22:38:08","-228"
"408","176","2022-12-10 22:38:08","-151"
"409","786","2022-12-11 04:45:09","495"
"410","449","2022-12-11 04:45:09","1707"
"411","372","2022-12-11 04:45:09","-502"
"412","57","2022-12-11 04:45:09","998"
"413","850","2022-12-11 04:52:35","1800"
"414","109","2022-12-11 04:52:35","-114"
"415","289","2022-12-11 04:52:35","-339"
"416","972","2022-12-11 04:52:35","756"
"417","240","2022-12-11 13:26:31","-612"
"418","896","2022-12-11 13:26:31","904"
"419","830","2022-12-11 13:26:31","-755"
"420","695","2022-12-11 13:26:31","582"
"421","886","2022-12-11 15:54:38","1406"
"422","79","2022-12-11 15:54:38","-130"
"423","58","2022-12-11 15:54:38","547"
"424","929","2022-12-11 15:54:38","1324"
"425","487","2022-12-11 17:50:38","560"
"426","7","2022-12-11 17:50:38","1394"
"427","366","2022-12-11 17:50:38","-444"
"428","44","2022-12-11 17:50:38","109"
"429","299","2022-12-11 19:32:16","-321"
"430","922","2022-12-11 19:32:16","-335"
"431","235","2022-12-11 19:32:16","1880"
"432","25","2022-12-11 19:32:16","231"
"433","568","2022-12-11 19:54:57","885"
"434","157","2022-12-11 19:54:57","780"
"435","497","2022-12-11 19:54:57","-717"
"436","984","2022-12-11 19:54:57","178"
"437","604","2022-12-11 21:56:58","-650"
"438","56","2022-12-11 21:56:58","1455"
"439","636","2022-12-11 21:56:58","427"
"440","880","2022-12-11 21:56:58","1467"
"441","259","2022-12-12 00:11:41","587"
"442","89","2022-12-12 00:11:41","1568"
"443","126","2022-12-12 00:11:41","322"
"444","312","2022-12-12 00:11:41","-255"
"445","430","2022-12-12 09:13:39","-373"
"446","796","2022-12-12 09:13:39","-771"
"447","966","2022-12-12 09:13:39","600"
"448","344","2022-12-12 09:13:39","-367"
"449","765","2022-12-12 11:53:49","1080"
"450","186","2022-12-12 11:53:49","1385"
"451","448","2022-12-12 11:53:49","559"
"452","2","2022-12-12 11:53:49","466"
"453","997","2022-12-12 12:21:45","496"
"454","512","2022-12-12 12:21:45","-620"
"455","795","2022-12-12 12:21:45","-287"
"456","741","2022-12-12 12:21:45","-424"
"457","788","2022-12-12 19:13:30","877"
"458","803","2022-12-12 19:13:30","-392"
"459","475","2022-12-12 19:13:30","-592"
"460","227","2022-12-12 19:13:30","593"
"461","252","2022-12-13 07:42:00","273"
"462","38","2022-12-13 07:42:00","226"
"463","812","2022-12-13 07:42:00","753"
"464","62","2022-12-13 07:42:00","1733"
"465","982","2022-12-13 08:29:50","1774"
"466","866","2022-12-13 08:29:50","993"
"467","99","2022-12-13 08:29:50","-508"
"468","170","2022-12-13 08:29:50","-619"
"469","143","2022-12-13 08:43:09","1732"
"470","139","2022-12-13 08:43:09","1118"
"471","749","2022-12-13 08:43:09","684"
"472","736","2022-12-13 08:43:09","1866"
"473","597","2022-12-13 11:08:14","1911"
"474","908","2022-12-13 11:08:14","-398"
"475","803","2022-12-13 11:08:14","1507"
"476","86","2022-12-13 11:08:14","917"
"477","174","2022-12-13 15:27:52","751"
"478","540","2022-12-13 15:27:52","1960"
"479","689","2022-12-13 15:27:52","1155"
"480","208","2022-12-13 15:27:52","-392"
"481","60","2022-12-13 19:35:20","-518"
"482","563","2022-12-13 19:35:20","-211"
"483","190","2022-12-13 19:35:20","-387"
"484","906","2022-12-13 19:35:20","-579"
"485","437","2022-12-14 14:07:47","1121"
"486","352","2022-12-14 14:07:47","652"
"487","611","2022-12-14 14:07:47","735"
"488","975","2022-12-14 14:07:47","906"
"489","216","2022-12-15 04:57:28","507"
"490","692","2022-12-15 04:57:28","-656"
"491","672","2022-12-15 04:57:28","1763"
"492","265","2022-12-15 04:57:28","854"
"493","89","2022-12-15 08:09:43","-420"
"494","588","2022-12-15 08:09:43","1487"
"495","22","2022-12-15 08:09:43","999"
"496","557","2022-12-15 08:09:43","-389"
"497","833","2022-12-15 08:45:09","1413"
"498","70","2022-12-15 08:45:09","1267"
"499","78","2022-12-15 08:45:09","837"
"500","249","2022-12-15 08:45:09","1347"
"501","520","2022-12-15 16:37:06","-616"
"502","277","2022-12-15 16:37:06","356"
"503","874","2022-12-15 16:37:06","1204"
"504","665","2022-12-15 16:37:06","408"
"505","787","2022-12-15 23:43:42","761"
"506","320","2022-12-15 23:43:42","1094"
"507","532","2022-12-15 23:43:42","1565"
"508","912","2022-12-15 23:43:42","859"
"509","343","2022-12-16 05:46:34","173"
"510","840","2022-12-16 05:46:34","-452"
"511","948","2022-12-16 05:46:34","1987"
"512","857","2022-12-16 05:46:34","1246"
"513","424","2022-12-16 09:40:29","124"
"514","841","2022-12-16 09:40:29","1102"
"515","923","2022-12-16 09:40:29","160"
"516","711","2022-12-16 09:40:29","875"
"517","74","2022-12-16 09:56:14","-253"
"518","832","2022-12-16 09:56:14","1868"
"519","200","2022-12-16 09:56:14","538"
"520","272","2022-12-16 09:56:14","-446"
"521","469","2022-12-16 11:24:17","1813"
"522","418","2022-12-16 11:24:17","1582"
"523","614","2022-12-16 11:24:17","-731"
"524","381","2022-12-16 11:24:17","969"
"525","489","2022-12-16 12:36:32","1210"
"526","497","2022-12-16 12:36:32","444"
"527","876","2022-12-16 12:36:32","140"
"528","234","2022-12-16 12:36:32","1721"
"529","510","2022-12-17 01:58:29","-390"
"530","733","2022-12-17 01:58:29","1769"
"531","599","2022-12-17 01:58:29","551"
"532","496","2022-12-17 01:58:29","-590"
"533","298","2022-12-17 03:39:43","1033"
"534","843","2022-12-17 03:39:43","-797"
"535","474","2022-12-17 03:39:43","-408"
"536","946","2022-12-17 03:39:43","1946"
"537","785","2022-12-17 21:51:30","1025"
"538","753","2022-12-17 21:51:30","819"
"539","203","2022-12-17 21:51:30","-345"
"540","787","2022-12-17 21:51:30","140"
"541","135","2022-12-18 14:56:41","1142"
"542","138","2022-12-18 14:56:41","1756"
"543","742","2022-12-18 14:56:41","1745"
"544","775","2022-12-18 14:56:41","488"
"545","549","2022-12-19 11:52:11","356"
"546","403","2022-12-19 11:52:11","952"
"547","181","2022-12-19 11:52:11","1485"
"548","771","2022-12-19 11:52:11","1597"
"549","659","2022-12-19 16:48:20","479"
"550","505","2022-12-19 16:48:20","1335"
"551","722","2022-12-19 16:48:20","810"
"552","83","2022-12-19 16:48:20","1573"
"553","933","2022-12-20 09:58:55","414"
"554","434","2022-12-20 09:58:55","1983"
"555","584","2022-12-20 09:58:55","1565"
"556","394","2022-12-20 09:58:55","609"
"557","196","2022-12-20 15:07:52","1855"
"558","618","2022-12-20 15:07:52","1426"
"559","621","2022-12-20 15:07:52","500"
"560","314","2022-12-20 15:07:52","-772"
"561","75","2022-12-21 11:37:44","-588"
"562","298","2022-12-21 11:37:44","921"
"563","781","2022-12-21 11:37:44","731"
"564","644","2022-12-21 11:37:44","1899"
"565","132","2022-12-21 12:07:23","-761"
"566","492","2022-12-21 12:07:23","-179"
"567","527","2022-12-21 12:07:23","1941"
"568","818","2022-12-21 12:07:23","1503"
"569","774","2022-12-21 21:04:29","-685"
"570","847","2022-12-21 21:04:29","-525"
"571","861","2022-12-21 21:04:29","-544"
"572","314","2022-12-21 21:04:29","506"
"573","173","2022-12-22 14:20:02","185"
"574","806","2022-12-22 14:20:02","-418"
"575","536","2022-12-22 14:20:02","1246"
"576","571","2022-12-22 14:20:02","-189"
"577","658","2022-12-23 08:15:30","1495"
"578","885","2022-12-23 08:15:30","248"
"579","675","2022-12-23 08:15:30","1854"
"580","455","2022-12-23 08:15:30","1539"
"581","557","2022-12-23 15:17:57","532"
"582","194","2022-12-23 15:17:57","496"
"583","921","2022-12-23 15:17:57","-547"
"584","388","2022-12-23 15:17:57","1563"
"585","661","2022-12-24 09:17:34","921"
"586","335","2022-12-24 09:17:34","1116"
"587","642","2022-12-24 09:17:34","-410"
"588","522","2022-12-24 09:17:34","-784"
"589","513","2022-12-24 11:57:05","599"
"590","614","2022-12-24 11:57:05","949"
"591","629","2022-12-24 11:57:05","609"
"592","883","2022-12-24 11:57:05","1614"
"593","639","2022-12-24 13:58:06","1042"
"594","89","2022-12-24 13:58:06","1543"
"595","679","2022-12-24 13:58:06","1067"
"596","665","2022-12-24 13:58:06","830"
"597","724","2022-12-25 19:11:27","854"
"598","52","2022-12-25 19:11:27","-406"
"599","43","2022-12-25 19:11:27","1280"
"600","614","2022-12-25 19:11:27","384"
"601","896","2022-12-26 06:54:29","-178"
"602","681","2022-12-26 06:54:29","1251"
"603","726","2022-12-26 06:54:29","-606"
"604","982","2022-12-26 06:54:29","-589"
"605","129","2022-12-26 12:49:23","172"
"606","497","2022-12-26 12:49:23","1628"
"607","426","2022-12-26 12:49:23","297"
"608","876","2022-12-26 12:49:23","1001"
"609","504","2022-12-26 17:50:27","-793"
"610","249","2022-12-26 17:50:27","265"
"611","493","2022-12-26 17:50:27","-471"
"612","262","2022-12-26 17:50:27","772"
"613","261","2022-12-26 22:16:25","-699"
"614","93","2022-12-26 22:16:25","926"
"615","8","2022-12-26 22:16:25","1980"
"616","315","2022-12-26 22:16:25","1007"
"617","770","2022-12-26 23:38:16","458"
"618","283","2022-12-26 23:38:16","356"
"619","254","2022-12-26 23:38:16","554"
"620","247","2022-12-26 23:38:16","131"
"621","398","2022-12-27 11:07:28","1695"
"622","660","2022-12-27 11:07:28","-362"
"623","560","2022-12-27 11:07:28","520"
"624","246","2022-12-27 11:07:28","1724"
"625","726","2022-12-27 21:03:36","1272"
"626","285","2022-12-27 21:03:36","909"
"627","763","2022-12-27 21:03:36","1152"
"628","302","2022-12-27 21:03:36","-682"
"629","875","2022-12-28 00:39:22","-562"
"630","638","2022-12-28 00:39:22","705"
"631","469","2022-12-28 00:39:22","-136"
"632","41","2022-12-28 00:39:22","1312"
"633","323","2022-12-28 03:48:30","1514"
"634","978","2022-12-28 03:48:30","1080"
"635","651","2022-12-28 03:48:30","1382"
"636","383","2022-12-28 03:48:30","185"
"637","221","2022-12-28 12:16:45","607"
"638","869","2022-12-28 12:16:45","1977"
"639","376","2022-12-28 12:16:45","818"
"640","558","2022-12-28 12:16:45","-686"
"641","935","2022-12-28 12:42:55","1701"
"642","497","2022-12-28 12:42:55","670"
"643","868","2022-12-28 12:42:55","1544"
"644","797","2022-12-28 12:42:55","304"
"645","569","2022-12-28 14:55:57","-279"
"646","894","2022-12-28 14:55:57","-779"
"647","376","2022-12-28 14:55:57","1200"
"648","35","2022-12-28 14:55:57","1202"
"649","691","2022-12-28 23:12:11","492"
"650","694","2022-12-28 23:12:11","-553"
"651","390","2022-12-28 23:12:11","-120"
"652","622","2022-12-28 23:12:11","513"
"653","5","2022-12-29 03:55:28","-173"
"654","172","2022-12-29 03:55:28","1666"
"655","243","2022-12-29 03:55:28","1835"
"656","696","2022-12-29 03:55:28","217"
"657","227","2022-12-29 11:53:42","1594"
"658","560","2022-12-29 11:53:42","-433"
"659","112","2022-12-29 11:53:42","-227"
"660","701","2022-12-29 11:53:42","-611"
"661","108","2022-12-30 03:29:03","1924"
"662","896","2022-12-30 03:29:03","552"
"663","679","2022-12-30 03:29:03","-700"
"664","588","2022-12-30 03:29:03","1394"
"665","533","2022-12-30 14:56:38","1818"
"666","508","2022-12-30 14:56:38","1319"
"667","445","2022-12-30 14:56:38","475"
"668","113","2022-12-30 14:56:38","993"
"669","919","2022-12-31 12:14:49","-668"
"670","288","2022-12-31 12:14:49","353"
"671","954","2022-12-31 12:14:49","1473"
"672","302","2022-12-31 12:14:49","791"
"673","229","2022-12-31 18:52:16","1771"
"674","232","2022-12-31 18:52:16","636"
"675","360","2022-12-31 18:52:16","1926"
"676","837","2022-12-31 18:52:16","-638"
"677","903","2022-12-31 19:58:10","1568"
"678","612","2022-12-31 19:58:10","1671"
"679","574","2022-12-31 19:58:10","263"
"680","358","2022-12-31 19:58:10","1845"
"681","169","2023-01-01 08:32:32","1382"
"682","40","2023-01-01 08:32:32","-447"
"683","221","2023-01-01 08:32:32","268"
"684","25","2023-01-01 08:32:32","724"
"685","27","2023-01-02 22:45:34","-355"
"686","193","2023-01-02 22:45:34","676"
"687","815","2023-01-02 22:45:34","-153"
"688","114","2023-01-02 22:45:34","1555"
"689","299","2023-01-04 09:55:57","991"
"690","692","2023-01-04 09:55:57","708"
"691","762","2023-01-04 09:55:57","1393"
"692","710","2023-01-04 09:55:57","-276"
"693","59","2023-01-05 09:59:26","1781"
"694","591","2023-01-05 09:59:26","1254"
"695","415","2023-01-05 09:59:26","1128"
"696","852","2023-01-05 09:59:26","-197"
"697","971","2023-01-05 20:49:12","359"
"698","56","2023-01-05 20:49:12","1132"
"699","132","2023-01-05 20:49:12","244"
"700","683","2023-01-05 20:49:12","1703"
"701","53","2023-01-06 11:51:11","-168"
"702","662","2023-01-06 11:51:11","1971"
"703","779","2023-01-06 11:51:11","-117"
"704","913","2023-01-06 11:51:11","888"
"705","134","2023-01-06 18:25:23","357"
"706","616","2023-01-06 18:25:23","817"
"707","810","2023-01-06 18:25:23","-215"
"708","220","2023-01-06 18:25:23","-288"
"709","375","2023-01-07 04:30:51","1626"
"710","336","2023-01-07 04:30:51","658"
"711","486","2023-01-07 04:30:51","1292"
"712","548","2023-01-07 04:30:51","315"
"713","824","2023-01-07 05:06:51","1975"
"714","385","2023-01-07 05:06:51","1174"
"715","710","2023-01-07 05:06:51","-337"
"716","569","2023-01-07 05:06:51","940"
"717","898","2023-01-07 10:20:56","1433"
"718","393","2023-01-07 10:20:56","1661"
"719","52","2023-01-07 10:20:56","1527"
"720","141","2023-01-07 10:20:56","-406"
"721","763","2023-01-07 10:23:18","206"
"722","256","2023-01-07 10:23:18","1959"
"723","744","2023-01-07 10:23:18","1610"
"724","984","2023-01-07 10:23:18","-209"
"725","526","2023-01-07 13:42:50","1478"
"726","339","2023-01-07 13:42:50","-684"
"727","187","2023-01-07 13:42:50","1696"
"728","204","2023-01-07 13:42:50","614"
"729","86","2023-01-07 14:55:46","459"
"730","918","2023-01-07 14:55:46","1551"
"731","454","2023-01-07 14:55:46","-757"
"732","380","2023-01-07 14:55:46","1219"
"733","439","2023-01-08 08:20:58","1501"
"734","291","2023-01-08 08:20:58","-397"
"735","4","2023-01-08 08:20:58","325"
"736","242","2023-01-08 08:20:58","1124"
"737","700","2023-01-08 10:43:15","987"
"738","291","2023-01-08 10:43:15","-765"
"739","676","2023-01-08 10:43:15","1032"
"740","864","2023-01-08 10:43:15","1056"
"741","142","2023-01-08 14:39:19","1652"
"742","184","2023-01-08 14:39:19","-658"
"743","50","2023-01-08 14:39:19","469"
"744","8","2023-01-08 14:39:19","110"
"745","198","2023-01-08 16:18:58","1351"
"746","119","2023-01-08 16:18:58","1899"
"747","913","2023-01-08 16:18:58","1640"
"748","662","2023-01-08 16:18:58","455"
"749","47","2023-01-08 20:04:35","1801"
"750","87","2023-01-08 20:04:35","771"
"751","408","2023-01-08 20:04:35","799"
"752","525","2023-01-08 20:04:35","-109"
"753","286","2023-01-08 23:18:13","125"
"754","8","2023-01-08 23:18:13","-493"
"755","815","2023-01-08 23:18:13","284"
"756","959","2023-01-08 23:18:13","1633"
"757","915","2023-01-09 16:01:45","945"
"758","599","2023-01-09 16:01:45","463"
"759","292","2023-01-09 16:01:45","-420"
"760","484","2023-01-09 16:01:45","880"
"761","605","2023-01-09 21:54:12","-357"
"762","360","2023-01-09 21:54:12","1473"
"763","469","2023-01-09 21:54:12","-207"
"764","47","2023-01-09 21:54:12","1041"
"765","669","2023-01-10 00:02:47","-444"
"766","879","2023-01-10 00:02:47","126"
"767","640","2023-01-10 00:02:47","1031"
"768","698","2023-01-10 00:02:47","664"
"769","294","2023-01-10 01:50:45","-363"
"770","618","2023-01-10 01:50:45","-227"
"771","650","2023-01-10 01:50:45","413"
"772","38","2023-01-10 01:50:45","-238"
"773","907","2023-01-10 12:44:00","1359"
"774","806","2023-01-10 12:44:00","1100"
"775","584","2023-01-10 12:44:00","1800"
"776","695","2023-01-10 12:44:00","-225"
"777","740","2023-01-10 15:42:56","1776"
"778","933","2023-01-10 15:42:56","1268"
"779","139","2023-01-10 15:42:56","-668"
"780","745","2023-01-10 15:42:56","345"
"781","396","2023-01-11 11:24:48","1289"
"782","686","2023-01-11 11:24:48","1931"
"783","550","2023-01-11 11:24:48","119"
"784","470","2023-01-11 11:24:48","-747"
"785","829","2023-01-11 15:36:16","1321"
"786","139","2023-01-11 15:36:16","608"
"787","564","2023-01-11 15:36:16","-659"
"788","579","2023-01-11 15:36:16","199"
"789","773","2023-01-11 16:42:10","1976"
"790","21","2023-01-11 16:42:10","251"
"791","653","2023-01-11 16:42:10","-211"
"792","364","2023-01-11 16:42:10","1484"
"793","906","2023-01-11 19:56:07","1589"
"794","271","2023-01-11 19:56:07","1455"
"795","390","2023-01-11 19:56:07","-428"
"796","967","2023-01-11 19:56:07","-130"
"797","453","2023-01-12 08:23:00","458"
"798","452","2023-01-12 08:23:00","363"
"799","181","2023-01-12 08:23:00","401"
"800","83","2023-01-12 08:23:00","285"
"801","910","2023-01-12 10:46:25","268"
"802","316","2023-01-12 10:46:25","-519"
"803","415","2023-01-12 10:46:25","1707"
"804","544","2023-01-12 10:46:25","403"
"805","327","2023-01-12 18:01:53","141"
"806","732","2023-01-12 18:01:53","928"
"807","900","2023-01-12 18:01:53","863"
"808","710","2023-01-12 18:01:53","1125"
"809","57","2023-01-13 12:18:20","-558"
"810","785","2023-01-13 12:18:20","1935"
"811","173","2023-01-13 12:18:20","1428"
"812","540","2023-01-13 12:18:20","1615"
"813","117","2023-01-13 12:27:43","-412"
"814","680","2023-01-13 12:27:43","770"
"815","158","2023-01-13 12:27:43","-725"
"816","30","2023-01-13 12:27:43","-612"
"817","873","2023-01-14 10:17:48","460"
"818","847","2023-01-14 10:17:48","125"
"819","337","2023-01-14 10:17:48","1474"
"820","373","2023-01-14 10:17:48","-604"
"821","533","2023-01-14 23:47:29","1982"
"822","486","2023-01-14 23:47:29","908"
"823","307","2023-01-14 23:47:29","386"
"824","714","2023-01-14 23:47:29","895"
"825","235","2023-01-16 00:09:52","-547"
"826","742","2023-01-16 00:09:52","-488"
"827","763","2023-01-16 00:09:52","318"
"828","576","2023-01-16 00:09:52","454"
"829","109","2023-01-16 16:17:01","-775"
"830","566","2023-01-16 16:17:01","-227"
"831","847","2023-01-16 16:17:01","-800"
"832","441","2023-01-16 16:17:01","-743"
"833","467","2023-01-16 20:52:17","117"
"834","273","2023-01-16 20:52:17","902"
"835","639","2023-01-16 20:52:17","348"
"836","351","2023-01-16 20:52:17","439"
"837","227","2023-01-17 05:00:44","1267"
"838","875","2023-01-17 05:00:44","1732"
"839","208","2023-01-17 05:00:44","1256"
"840","875","2023-01-17 05:00:44","1497"
"841","327","2023-01-17 10:46:37","-613"
"842","156","2023-01-17 10:46:37","1768"
"843","234","2023-01-17 10:46:37","-143"
"844","814","2023-01-17 10:46:37","318"
"845","560","2023-01-17 19:00:55","1848"
"846","202","2023-01-17 19:00:55","232"
"847","609","2023-01-17 19:00:55","819"
"848","134","2023-01-17 19:00:55","1870"
"849","810","2023-01-18 01:28:43","-768"
"850","51","2023-01-18 01:28:43","-800"
"851","326","2023-01-18 01:28:43","1390"
"852","129","2023-01-18 01:28:43","1010"
"853","727","2023-01-18 12:45:27","313"
"854","52","2023-01-18 12:45:27","995"
"855","391","2023-01-18 12:45:27","-760"
"856","559","2023-01-18 12:45:27","1951"
"857","82","2023-01-18 13:39:05","-428"
"858","134","2023-01-18 13:39:05","922"
"859","910","2023-01-18 13:39:05","-488"
"860","171","2023-01-18 13:39:05","1660"
"861","815","2023-01-19 01:28:44","-591"
"862","494","2023-01-19 01:28:44","1267"
"863","785","2023-01-19 01:28:44","-527"
"864","689","2023-01-19 01:28:44","1408"
"865","118","2023-01-19 09:26:01","1652"
"866","451","2023-01-19 09:26:01","1400"
"867","390","2023-01-19 09:26:01","789"
"868","221","2023-01-19 09:26:01","1328"
"869","553","2023-01-19 13:07:46","905"
"870","181","2023-01-19 13:07:46","1933"
"871","75","2023-01-19 13:07:46","1388"
"872","325","2023-01-19 13:07:46","689"
"873","693","2023-01-20 05:15:19","-504"
"874","450","2023-01-20 05:15:19","1972"
"875","949","2023-01-20 05:15:19","1177"
"876","29","2023-01-20 05:15:19","1782"
"877","185","2023-01-20 23:27:41","354"
"878","151","2023-01-20 23:27:41","1059"
"879","368","2023-01-20 23:27:41","1756"
"880","211","2023-01-20 23:27:41","1995"
"881","521","2023-01-21 22:26:05","1408"
"882","873","2023-01-21 22:26:05","1742"
"883","237","2023-01-21 22:26:05","275"
"884","564","2023-01-21 22:26:05","1945"
"885","924","2023-01-21 23:22:28","-197"
"886","818","2023-01-21 23:22:28","893"
"887","892","2023-01-21 23:22:28","-190"
"888","633","2023-01-21 23:22:28","1125"
"889","540","2023-01-22 23:34:55","649"
"890","905","2023-01-22 23:34:55","587"
"891","339","2023-01-22 23:34:55","1593"
"892","206","2023-01-22 23:34:55","735"
"893","934","2023-01-23 03:16:37","-693"
"894","367","2023-01-23 03:16:37","1561"
"895","430","2023-01-23 03:16:37","944"
"896","288","2023-01-23 03:16:37","1147"
"897","844","2023-01-23 07:06:41","-535"
"898","487","2023-01-23 07:06:41","-272"
"899","427","2023-01-23 07:06:41","346"
"900","709","2023-01-23 07:06:41","387"
"901","914","2023-01-23 15:25:51","1626"
"902","22","2023-01-23 15:25:51","1916"
"903","40","2023-01-23 15:25:51","-497"
"904","86","2023-01-23 15:25:51","-269"
"905","863","2023-01-23 23:24:35","1823"
"906","813","2023-01-23 23:24:35","358"
"907","313","2023-01-23 23:24:35","598"
"908","446","2023-01-23 23:24:35","-784"
"909","762","2023-01-24 06:06:26","-652"
"910","943","2023-01-24 06:06:26","611"
"911","479","2023-01-24 06:06:26","1802"
"912","30","2023-01-24 06:06:26","-788"
"913","909","2023-01-24 06:48:00","1648"
"914","344","2023-01-24 06:48:00","1817"
"915","248","2023-01-24 06:48:00","1348"
"916","489","2023-01-24 06:48:00","1992"
"917","268","2023-01-24 08:13:29","-127"
"918","414","2023-01-24 08:13:29","811"
"919","408","2023-01-24 08:13:29","116"
"920","211","2023-01-24 08:13:29","1412"
"921","605","2023-01-24 12:13:04","1047"
"922","155","2023-01-24 12:13:04","1179"
"923","60","2023-01-24 12:13:04","1322"
"924","101","2023-01-24 12:13:04","-384"
"925","885","2023-01-24 21:52:48","1815"
"926","189","2023-01-24 21:52:48","-731"
"927","761","2023-01-24 21:52:48","1249"
"928","592","2023-01-24 21:52:48","1766"
"929","584","2023-01-26 03:06:46","1275"
"930","464","2023-01-26 03:06:46","1280"
"931","897","2023-01-26 03:06:46","485"
"932","474","2023-01-26 03:06:46","454"
"933","648","2023-01-26 03:51:19","1455"
"934","908","2023-01-26 03:51:19","-428"
"935","888","2023-01-26 03:51:19","-130"
"936","21","2023-01-26 03:51:19","458"
"937","208","2023-01-27 06:01:18","363"
"938","29","2023-01-27 06:01:18","401"
"939","285","2023-01-27 06:01:18","285"
"940","464","2023-01-27 06:01:18","268"
"941","633","2023-01-27 14:36:07","-519"
"942","378","2023-01-27 14:36:07","1707"
"943","485","2023-01-27 14:36:07","403"
"944","201","2023-01-27 14:36:07","141"
"945","682","2023-01-27 15:46:15","928"
"946","708","2023-01-27 15:46:15","863"
"947","643","2023-01-27 15:46:15","1125"
"948","65","2023-01-27 15:46:15","-558"
"949","837","2023-01-27 20:42:40","1935"
"950","87","2023-01-27 20:42:40","1428"
"951","302","2023-01-27 20:42:40","1615"
"952","533","2023-01-27 20:42:40","-412"
"953","513","2023-01-27 20:57:52","770"
"954","484","2023-01-27 20:57:52","-725"
"955","822","2023-01-27 20:57:52","-612"
"956","310","2023-01-27 20:57:52","460"
"957","149","2023-01-28 23:06:49","125"
"958","647","2023-01-28 23:06:49","1474"
"959","124","2023-01-28 23:06:49","-604"
"960","333","2023-01-28 23:06:49","1982"
"961","166","2023-01-29 00:24:19","908"
"962","798","2023-01-29 00:24:19","386"
"963","828","2023-01-29 00:24:19","895"
"964","606","2023-01-29 00:24:19","-547"
"965","347","2023-01-29 07:16:48","-488"
"966","601","2023-01-29 07:16:48","318"
"967","811","2023-01-29 07:16:48","454"
"968","835","2023-01-29 07:16:48","-775"
"969","52","2023-01-29 07:27:53","-227"
"970","757","2023-01-29 07:27:53","-800"
"971","528","2023-01-29 07:27:53","-743"
"972","279","2023-01-29 07:27:53","117"
"973","659","2023-01-29 17:12:40","902"
"974","338","2023-01-29 17:12:40","348"
"975","885","2023-01-29 17:12:40","439"
"976","741","2023-01-29 17:12:40","-855"
"977","839","2023-01-29 20:18:25","-107"
"978","881","2023-01-29 20:18:25","-191"
"979","48","2023-01-29 20:18:25","-559"
"980","886","2023-01-29 20:18:25","-110"
"981","822","2023-01-29 21:40:43","-815"
"982","368","2023-01-29 21:40:43","-618"
"983","371","2023-01-29 21:40:43","144"
"984","684","2023-01-29 21:40:43","-402"
"985","677","2023-01-30 11:12:46","-516"
"986","889","2023-01-30 11:12:46","-966"
"987","645","2023-01-30 11:12:46","-549"
"988","472","2023-01-30 11:12:46","490"
"989","744","2023-01-30 12:35:30","-199"
"990","449","2023-01-30 12:35:30","-220"
"991","408","2023-01-30 12:35:30","-785"
"992","28","2023-01-30 12:35:30","-801"
"993","298","2023-01-30 15:07:33","112"
"994","144","2023-01-30 15:07:33","-1222"
"995","923","2023-01-30 15:07:33","194"
"996","248","2023-01-30 15:07:33","482"
"997","990","2023-01-30 20:25:18","357"
"998","181","2023-01-30 20:25:18","103"
"999","282","2023-01-30 20:25:18","-463"
"1000","107","2023-01-30 20:25:18","473"
"1001","293","2023-01-31 06:10:19","320"
"1002","433","2023-01-31 06:10:19","-281"
"1003","690","2023-01-31 06:10:19","-932"
"1004","258","2023-01-31 06:10:19","-984"
"1005","109","2023-01-31 09:30:29","561"
"1006","313","2023-01-31 09:30:29","353"
"1007","15","2023-01-31 09:30:29","-956"
"1008","819","2023-01-31 09:30:29","-1396"
"1009","747","2023-01-31 09:36:34","533"
"1010","343","2023-01-31 09:36:34","-139"
"1011","845","2023-01-31 09:36:34","-448"
"1012","429","2023-01-31 09:36:34","-1328"
"1013","853","2023-01-31 10:34:42","-250"
"1014","637","2023-01-31 10:34:42","-1052"
"1015","263","2023-01-31 10:34:42","-1355"
"1016","846","2023-01-31 10:34:42","-507"
"1017","47","2023-01-31 15:07:04","-491"
"1018","875","2023-01-31 15:07:04","-859"
"1019","751","2023-01-31 15:07:04","-410"
"1020","310","2023-01-31 15:07:04","-1115"
"1021","860","2023-02-01 11:40:36","-918"
"1022","665","2023-02-01 11:40:36","-156"
"1023","939","2023-02-01 11:40:36","-702"
"1024","885","2023-02-01 11:40:36","-816"
"1025","295","2023-02-01 14:36:59","-1266"
"1026","127","2023-02-01 14:36:59","-849"
"1027","427","2023-02-01 14:36:59","190"
"1028","462","2023-02-01 14:36:59","-499"
"1029","902","2023-02-01 20:47:20","-620"
"1030","305","2023-02-01 20:47:20","-1185"
"1031","652","2023-02-01 20:47:20","-1201"
"1032","122","2023-02-01 20:47:20","-288"
"1033","709","2023-02-01 22:42:01","-1622"
"1034","878","2023-02-01 22:42:01","-206"
"1035","578","2023-02-01 22:42:01","182"
"1036","983","2023-02-01 22:42:01","-143"
"1037","876","2023-02-02 03:36:20","-297"
"1038","836","2023-02-02 03:36:20","-863"
"1039","435","2023-02-02 03:36:20","173"
"1040","933","2023-02-02 03:36:20","-180"
"1041","492","2023-02-02 04:06:58","-681"
"1042","209","2023-02-02 04:06:58","-1332"
"1043","889","2023-02-02 04:06:58","-1384"
"1044","588","2023-02-02 04:06:58","161"
"1045","253","2023-02-02 13:16:36","-147"
"1046","982","2023-02-02 13:16:36","-1356"
"1047","609","2023-02-02 13:16:36","-1796"
"1048","499","2023-02-02 13:16:36","133"
"1049","86","2023-02-03 06:07:36","-539"
"1050","707","2023-02-03 06:07:36","-748"
"1051","59","2023-02-03 06:07:36","-1305"
"1052","905","2023-02-03 06:07:36","-990"
"1053","602","2023-02-03 11:48:09","-115"
"1054","725","2023-02-03 11:48:09","-609"
"1055","890","2023-02-03 11:48:09","-608"
"1056","329","2023-02-03 11:48:09","-1764"
"1057","548","2023-02-03 17:20:57","-166"
"1058","333","2023-02-03 17:20:57","-1535"
"1059","538","2023-02-03 17:20:57","-1237"
"1060","668","2023-02-03 17:20:57","-388"
"1061","593","2023-02-03 22:57:56","-119"
"1062","578","2023-02-03 22:57:56","-1407"
"1063","454","2023-02-03 22:57:56","-457"
"1064","818","2023-02-03 22:57:56","-476"
"1065","924","2023-02-04 01:13:35","-888"
"1066","102","2023-02-04 01:13:35","-336"
"1067","106","2023-02-04 01:13:35","-742"
"1068","370","2023-02-04 01:13:35","-532"
"1069","176","2023-02-04 18:02:26","-645"
"1070","889","2023-02-04 18:02:26","-1297"
"1071","645","2023-02-04 18:02:26","-1657"
"1072","144","2023-02-04 18:02:26","-711"
"1073","609","2023-02-05 22:33:57","-1895"
"1074","862","2023-02-05 22:33:57","-710"
"1075","37","2023-02-05 22:33:57","-1781"
"1076","625","2023-02-05 22:33:57","-992"
"1077","921","2023-02-06 04:03:35","-198"
"1078","517","2023-02-06 04:03:35","-1445"
"1079","391","2023-02-06 04:03:35","-425"
"1080","958","2023-02-06 04:03:35","-1866"
"1081","820","2023-02-06 20:09:10","-203"
"1082","601","2023-02-06 20:09:10","-1706"
"1083","820","2023-02-06 20:09:10","-1189"
"1084","165","2023-02-06 20:09:10","-1391"
"1085","495","2023-02-07 14:04:22","-994"
"1086","73","2023-02-07 14:04:22","-847"
"1087","802","2023-02-07 14:04:22","-899"
"1088","99","2023-02-07 14:04:22","-834"
"1089","804","2023-02-07 14:41:59","198"
"1090","152","2023-02-07 14:41:59","-255"
"1091","524","2023-02-07 14:41:59","-750"
"1092","845","2023-02-07 14:41:59","-970"
"1093","107","2023-02-07 19:59:26","-1106"
"1094","322","2023-02-07 19:59:26","-1017"
"1095","24","2023-02-07 19:59:26","-1284"
"1096","275","2023-02-07 19:59:26","-840"
"1097","132","2023-02-08 08:56:16","-1648"
"1098","50","2023-02-08 08:56:16","-749"
"1099","901","2023-02-08 08:56:16","-912"
"1100","300","2023-02-08 08:56:16","-893"
"1101","545","2023-02-08 15:23:41","119"
"1102","401","2023-02-08 15:23:41","-108"
"1103","153","2023-02-08 15:23:41","-1446"
"1104","333","2023-02-08 15:23:41","-835"
"1105","668","2023-02-08 18:59:37","-1200"
"1106","403","2023-02-08 18:59:37","-432"
"1107","499","2023-02-08 18:59:37","-1372"
"1108","15","2023-02-08 18:59:37","-666"
"1109","736","2023-02-09 14:56:22","-180"
"1110","671","2023-02-09 14:56:22","-324"
"1111","548","2023-02-09 14:56:22","-1591"
"1112","870","2023-02-09 14:56:22","-1306"
"1113","230","2023-02-09 19:06:50","-237"
"1114","229","2023-02-09 19:06:50","-513"
"1115","82","2023-02-09 19:06:50","-1884"
"1116","863","2023-02-09 19:06:50","-466"
"1117","277","2023-02-10 02:10:11","-202"
"1118","954","2023-02-10 02:10:11","-1449"
"1119","120","2023-02-10 02:10:11","-1425"
"1120","789","2023-02-10 02:10:11","-1168"
"1121","304","2023-02-10 04:15:51","-1193"
"1122","18","2023-02-10 04:15:51","-839"
"1123","720","2023-02-10 04:15:51","-1293"
"1124","849","2023-02-10 04:15:51","-824"
"1125","296","2023-02-10 21:22:03","-165"
"1126","607","2023-02-10 21:22:03","-1006"
"1127","931","2023-02-10 21:22:03","-1148"
"1128","67","2023-02-10 21:22:03","-1438"
"1129","857","2023-02-11 04:38:20","-1613"
"1130","557","2023-02-11 04:38:20","-1597"
"1131","369","2023-02-11 04:38:20","-1876"
"1132","808","2023-02-11 04:38:20","-125"
"1133","442","2023-02-11 17:58:13","-1846"
"1134","215","2023-02-11 17:58:13","116"
"1135","967","2023-02-11 17:58:13","-1445"
"1136","785","2023-02-11 17:58:13","-125"
"1137","983","2023-02-14 02:42:39","-1495"
"1138","694","2023-02-14 02:42:39","-1692"
"1139","785","2023-02-14 02:42:39","-940"
"1140","756","2023-02-14 02:42:39","-1205"
"1141","724","2023-02-14 20:08:11","-426"
"1142","892","2023-02-14 20:08:11","-746"
"1143","550","2023-02-14 20:08:11","-338"
"1144","370","2023-02-14 20:08:11","-124"
"1145","149","2023-02-16 00:36:20","-1135"
"1146","379","2023-02-16 00:36:20","-1025"
"1147","223","2023-02-16 00:36:20","-1409"
"1148","840","2023-02-16 00:36:20","-437"
"1149","292","2023-02-16 01:42:36","-1868"
"1150","824","2023-02-16 01:42:36","-1381"
"1151","330","2023-02-16 01:42:36","-1871"
"1152","207","2023-02-16 01:42:36","-726"
"1153","60","2023-02-16 03:44:04","-785"
"1154","479","2023-02-16 03:44:04","-316"
"1155","209","2023-02-16 03:44:04","-1697"
"1156","152","2023-02-16 03:44:04","-1462"
"1157","443","2023-02-17 07:37:13","-1058"
"1158","547","2023-02-17 07:37:13","-217"
"1159","836","2023-02-17 07:37:13","-170"
"1160","199","2023-02-17 07:37:13","-323"
"1161","239","2023-02-17 12:42:04","-471"
"1162","373","2023-02-17 12:42:04","-1789"
"1163","112","2023-02-17 12:42:04","-1731"
"1164","943","2023-02-17 12:42:04","-506"
"1165","103","2023-02-18 00:28:45","-1681"
"1166","336","2023-02-18 00:28:45","-961"
"1167","413","2023-02-18 00:28:45","-187"
"1168","45","2023-02-18 00:28:45","-1647"
"1169","592","2023-02-18 05:34:15","-1463"
"1170","659","2023-02-18 05:34:15","-111"
"1171","384","2023-02-18 05:34:15","-1498"
"1172","534","2023-02-18 05:34:15","-1525"
"1173","867","2023-02-19 02:40:16","-849"
"1174","46","2023-02-19 02:40:16","-1578"
"1175","345","2023-02-19 02:40:16","-141"
"1176","161","2023-02-19 02:40:16","-1853"
"1177","402","2023-02-19 10:19:38","-1696"
"1178","348","2023-02-19 10:19:38","-538"
"1179","440","2023-02-19 10:19:38","-228"
"1180","974","2023-02-19 10:19:38","-1720"
"1181","900","2023-02-19 11:31:14","-1411"
"1182","86","2023-02-19 11:31:14","-666"
"1183","541","2023-02-19 11:31:14","-1042"
"1184","948","2023-02-19 11:31:14","-1094"
"1185","305","2023-02-19 13:13:22","-110"
"1186","933","2023-02-19 13:13:22","-849"
"1187","769","2023-02-19 13:13:22","-1889"
"1188","145","2023-02-19 13:13:22","-1404"
"1189","629","2023-02-19 17:32:59","-1344"
"1190","648","2023-02-19 17:32:59","-299"
"1191","953","2023-02-19 17:32:59","-1138"
"1192","107","2023-02-19 17:32:59","-256"
"1193","624","2023-02-20 03:29:32","-1159"
"1194","40","2023-02-20 03:29:32","-1089"
"1195","28","2023-02-20 03:29:32","-344"
"1196","255","2023-02-20 03:29:32","-1885"
"1197","938","2023-02-20 06:53:20","-1536"
"1198","27","2023-02-20 06:53:20","-471"
"1199","511","2023-02-20 06:53:20","-356"
"1200","668","2023-02-20 06:53:20","-853"
"1201","595","2023-02-20 23:41:05","-771"
"1202","383","2023-02-20 23:41:05","-335"
"1203","74","2023-02-20 23:41:05","-1588"
"1204","114","2023-02-20 23:41:05","-1620"
"1205","829","2023-02-21 07:15:31","-338"
"1206","561","2023-02-21 07:15:31","-1580"
"1207","185","2023-02-21 07:15:31","-429"
"1208","646","2023-02-21 07:15:31","-1831"
"1209","157","2023-02-21 08:08:37","-798"
"1210","12","2023-02-21 08:08:37","-1018"
"1211","821","2023-02-21 08:08:37","-658"
"1212","514","2023-02-21 08:08:37","-164"
"1213","865","2023-02-21 21:50:29","-1015"
"1214","238","2023-02-21 21:50:29","-182"
"1215","141","2023-02-21 21:50:29","-1109"
"1216","302","2023-02-21 21:50:29","-1403"
"1217","667","2023-02-22 16:45:00","-840"
"1218","912","2023-02-22 16:45:00","-1252"
"1219","721","2023-02-22 16:45:00","-504"
"1220","172","2023-02-22 16:45:00","-285"
"1221","91","2023-02-22 18:58:54","-1177"
"1222","13","2023-02-22 18:58:54","-1550"
"1223","855","2023-02-22 18:58:54","-913"
"1224","991","2023-02-22 18:58:54","-1664"
"1225","724","2023-02-23 03:33:59","-288"
"1226","157","2023-02-23 03:33:59","-1367"
"1227","944","2023-02-23 03:33:59","-642"
"1228","886","2023-02-23 03:33:59","-1178"
"1229","86","2023-02-23 05:19:08","-1180"
"1230","816","2023-02-23 05:19:08","-229"
"1231","546","2023-02-23 05:19:08","-167"
"1232","494","2023-02-23 05:19:08","-797"
"1233","232","2023-02-23 05:30:29","-700"
"1234","411","2023-02-23 05:30:29","-432"
"1235","760","2023-02-23 05:30:29","-1392"
"1236","587","2023-02-23 05:30:29","-137"
"1237","880","2023-02-23 05:33:33","-1008"
"1238","474","2023-02-23 05:33:33","-769"
"1239","634","2023-02-23 05:33:33","-874"
"1240","887","2023-02-23 05:33:33","-1661"
"1241","58","2023-02-23 09:25:08","-775"
"1242","659","2023-02-23 09:25:08","-740"
"1243","322","2023-02-23 09:25:08","-1119"
"1244","915","2023-02-23 09:25:08","-1044"
"1245","908","2023-02-24 02:10:05","-1660"
"1246","325","2023-02-24 02:10:05","-1017"
"1247","712","2023-02-24 02:10:05","174"
"1248","149","2023-02-24 02:10:05","-662"
"1249","381","2023-02-24 12:10:06","-437"
"1250","89","2023-02-24 12:10:06","-1646"
"1251","382","2023-02-24 12:10:06","-1536"
"1252","603","2023-02-24 12:10:06","-1857"
"1253","928","2023-02-25 00:15:15","-1519"
"1254","124","2023-02-25 00:15:15","-592"
"1255","381","2023-02-25 00:15:15","-263"
"1256","464","2023-02-25 00:15:15","-1494"
"1257","650","2023-02-25 05:12:30","-1842"
"1258","301","2023-02-25 05:12:30","-659"
"1259","791","2023-02-25 05:12:30","-165"
"1260","801","2023-02-25 05:12:30","-416"
"1261","907","2023-02-25 15:19:46","-710"
"1262","731","2023-02-25 15:19:46","-1721"
"1263","942","2023-02-25 15:19:46","-1432"
"1264","382","2023-02-25 15:19:46","-163"
"1265","281","2023-02-26 17:00:50","-477"
"1266","305","2023-02-26 17:00:50","-1072"
"1267","400","2023-02-26 17:00:50","-1861"
"1268","928","2023-02-26 17:00:50","-866"
"1269","782","2023-02-27 08:18:44","-1477"
"1270","649","2023-02-27 08:18:44","166"
"1271","655","2023-02-27 08:18:44","-1350"
"1272","799","2023-02-27 08:18:44","-234"
"1273","148","2023-02-27 09:46:07","-1318"
"1274","330","2023-02-27 09:46:07","-1550"
"1275","165","2023-02-27 09:46:07","-1354"
"1276","342","2023-02-27 09:46:07","-1168"
"1277","210","2023-02-28 04:46:01","-1366"
"1278","605","2023-02-28 04:46:01","-473"
"1279","991","2023-02-28 04:46:01","-1596"
"1280","734","2023-02-28 04:46:01","-604"
"1281","516","2023-02-28 07:18:51","-774"
"1282","661","2023-02-28 07:18:51","-387"
"1283","831","2023-02-28 07:18:51","-730"
"1284","988","2023-02-28 07:18:51","-548"
"1285","402","2023-03-01 05:39:28","-1886"
"1286","901","2023-03-01 05:39:28","-591"
"1287","282","2023-03-01 05:39:28","-635"
"1288","402","2023-03-01 05:39:28","-1825"
"1289","650","2023-03-01 08:45:12","-1709"
"1290","56","2023-03-01 08:45:12","123"
"1291","510","2023-03-01 08:45:12","-269"
"1292","165","2023-03-01 08:45:12","147"
"1293","239","2023-03-01 16:09:17","-715"
"1294","928","2023-03-01 16:09:17","-927"
"1295","899","2023-03-01 16:09:17","-660"
"1296","78","2023-03-01 16:09:17","-1449"
"1297","452","2023-03-01 22:16:51","-1200"
"1298","646","2023-03-01 22:16:51","-1415"
"1299","230","2023-03-01 22:16:51","-109"
"1300","841","2023-03-01 22:16:51","-324"
"1301","155","2023-03-03 02:20:13","-1050"
"1302","557","2023-03-03 02:20:13","-1817"
"1303","284","2023-03-03 02:20:13","-1264"
"1304","908","2023-03-03 02:20:13","-124"
"1305","207","2023-03-03 06:20:41","-1614"
"1306","40","2023-03-03 06:20:41","-281"
"1307","599","2023-03-03 06:20:41","-1734"
"1308","896","2023-03-03 06:20:41","-243"
"1309","558","2023-03-04 11:07:39","-963"
"1310","481","2023-03-04 11:07:39","-930"
"1311","308","2023-03-04 11:07:39","-1243"
"1312","855","2023-03-04 11:07:39","-1680"
"1313","819","2023-03-04 11:47:02","-1581"
"1314","530","2023-03-04 11:47:02","-1482"
"1315","195","2023-03-04 11:47:02","-1087"
"1316","555","2023-03-04 11:47:02","-365"
"1317","849","2023-03-04 20:46:18","-490"
"1318","268","2023-03-04 20:46:18","-1891"
"1319","239","2023-03-04 20:46:18","-1527"
"1320","680","2023-03-04 20:46:18","-499"
"1321","67","2023-03-05 01:12:40","-757"
"1322","72","2023-03-05 01:12:40","-173"
"1323","951","2023-03-05 01:12:40","-877"
"1324","336","2023-03-05 01:12:40","-744"
"1325","695","2023-03-05 09:17:26","-1363"
"1326","978","2023-03-05 09:17:26","-1061"
"1327","830","2023-03-05 09:17:26","-1566"
"1328","230","2023-03-05 09:17:26","-1108"
"1329","249","2023-03-05 19:45:17","-1345"
"1330","993","2023-03-05 19:45:17","-1426"
"1331","235","2023-03-05 19:45:17","-1421"
"1332","912","2023-03-05 19:45:17","-751"
"1333","378","2023-03-06 01:10:13","-168"
"1334","556","2023-03-06 01:10:13","-521"
"1335","804","2023-03-06 01:10:13","-522"
"1336","664","2023-03-06 01:10:13","-301"
"1337","609","2023-03-06 14:06:32","-275"
"1338","909","2023-03-06 14:06:32","186"
"1339","919","2023-03-06 14:06:32","147"
"1340","525","2023-03-06 14:06:32","-1852"
"1341","690","2023-03-06 18:09:13","-1645"
"1342","844","2023-03-06 18:09:13","100"
"1343","25","2023-03-06 18:09:13","-1749"
"1344","48","2023-03-06 18:09:13","-690"
"1345","30","2023-03-06 18:13:23","-1284"
"1346","41","2023-03-06 18:13:23","-1038"
"1347","437","2023-03-06 18:13:23","-186"
"1348","933","2023-03-06 18:13:23","-876"
"1349","724","2023-03-07 16:52:19","-766"
"1350","542","2023-03-07 16:52:19","-1638"
"1351","41","2023-03-07 16:52:19","-694"
"1352","11","2023-03-07 16:52:19","-1546"
"1353","494","2023-03-08 07:56:20","-1762"
"1354","774","2023-03-08 07:56:20","-1418"
"1355","280","2023-03-08 07:56:20","-139"
"1356","686","2023-03-08 07:56:20","-687"
"1357","485","2023-03-08 09:39:43","-1046"
"1358","866","2023-03-08 09:39:43","-1274"
"1359","670","2023-03-08 09:39:43","-585"
"1360","539","2023-03-08 09:39:43","-1526"
"1361","752","2023-03-08 09:52:36","-433"
"1362","307","2023-03-08 09:52:36","-1014"
"1363","912","2023-03-08 09:52:36","-1764"
"1364","919","2023-03-08 09:52:36","151"
"1365","536","2023-03-08 19:51:19","-1483"
"1366","368","2023-03-08 19:51:19","-1003"
"1367","763","2023-03-08 19:51:19","140"
"1368","180","2023-03-08 19:51:19","-602"
"1369","134","2023-03-08 23:16:04","-1417"
"1370","445","2023-03-08 23:16:04","-909"
"1371","104","2023-03-08 23:16:04","-872"
"1372","47","2023-03-08 23:16:04","-679"
"1373","841","2023-03-09 14:08:23","-1438"
"1374","769","2023-03-09 14:08:23","-616"
"1375","392","2023-03-09 14:08:23","-282"
"1376","26","2023-03-09 14:08:23","-780"
"1377","793","2023-03-10 12:29:31","-260"
"1378","144","2023-03-10 12:29:31","101"
"1379","361","2023-03-10 12:29:31","-1189"
"1380","795","2023-03-10 12:29:31","-889"
"1381","692","2023-03-11 01:28:59","-1763"
"1382","411","2023-03-11 01:28:59","-1271"
"1383","696","2023-03-11 01:28:59","-656"
"1384","292","2023-03-11 01:28:59","-1725"
"1385","700","2023-03-11 01:39:30","128"
"1386","439","2023-03-11 01:39:30","-991"
"1387","712","2023-03-11 01:39:30","-415"
"1388","452","2023-03-11 01:39:30","-416"
"1389","443","2023-03-11 02:45:38","-212"
"1390","862","2023-03-11 02:45:38","-1134"
"1391","882","2023-03-11 02:45:38","-1522"
"1392","999","2023-03-11 02:45:38","-1696"
"1393","19","2023-03-11 14:46:18","139"
"1394","507","2023-03-11 14:46:18","-1481"
"1395","5","2023-03-11 14:46:18","-1114"
"1396","277","2023-03-11 14:46:18","-1878"
"1397","765","2023-03-11 19:06:11","-1015"
"1398","232","2023-03-11 19:06:11","-1627"
"1399","117","2023-03-11 19:06:11","-1181"
"1400","414","2023-03-11 19:06:11","-580"
"1401","415","2023-03-11 20:37:32","-630"
"1402","525","2023-03-11 20:37:32","-829"
"1403","376","2023-03-11 20:37:32","-263"
"1404","437","2023-03-11 20:37:32","-1739"
"1405","808","2023-03-11 21:45:23","-1285"
"1406","556","2023-03-11 21:45:23","123"
"1407","181","2023-03-11 21:45:23","-1603"
"1408","41","2023-03-11 21:45:23","-115"
"1409","166","2023-03-12 05:56:45","-667"
"1410","568","2023-03-12 05:56:45","-1317"
"1411","428","2023-03-12 05:56:45","-434"
"1412","33","2023-03-12 05:56:45","-1104"
"1413","253","2023-03-12 21:54:02","-1199"
"1414","923","2023-03-12 21:54:02","-1341"
"1415","420","2023-03-12 21:54:02","-878"
"1416","648","2023-03-12 21:54:02","-1095"
"1417","96","2023-03-13 06:09:13","-774"
"1418","321","2023-03-13 06:09:13","-1773"
"1419","817","2023-03-13 06:09:13","-669"
"1420","359","2023-03-13 06:09:13","-573"
"1421","443","2023-03-13 17:00:26","-1655"
"1422","524","2023-03-13 17:00:26","-1205"
"1423","704","2023-03-13 17:00:26","-643"
"1424","695","2023-03-13 17:00:26","-430"
"1425","487","2023-03-13 20:36:53","-1185"
"1426","917","2023-03-13 20:36:53","-1224"
"1427","847","2023-03-13 20:36:53","-434"
"1428","737","2023-03-13 20:36:53","-1624"
"1429","589","2023-03-14 10:58:14","-1210"
"1430","689","2023-03-14 10:58:14","-1762"
"1431","99","2023-03-14 10:58:14","-1141"
"1432","668","2023-03-14 10:58:14","-1702"
"1433","259","2023-03-14 19:53:28","-280"
"1434","410","2023-03-14 19:53:28","-799"
"1435","874","2023-03-14 19:53:28","-1666"
"1436","384","2023-03-14 19:53:28","-767"
"1437","133","2023-03-15 05:10:08","-1745"
"1438","965","2023-03-15 05:10:08","-189"
"1439","760","2023-03-15 05:10:08","-1638"
"1440","3","2023-03-15 05:10:08","-320"
"1441","641","2023-03-15 17:43:47","-821"
"1442","507","2023-03-15 17:43:47","-1544"
"1443","192","2023-03-15 17:43:47","143"
"1444","512","2023-03-15 17:43:47","-634"
"1445","822","2023-03-16 02:45:56","-165"
"1446","537","2023-03-16 02:45:56","-287"
"1447","949","2023-03-16 02:45:56","-1590"
"1448","42","2023-03-16 02:45:56","-630"
"1449","76","2023-03-16 07:52:24","-635"
"1450","163","2023-03-16 07:52:24","-972"
"1451","708","2023-03-16 07:52:24","-1127"
"1452","519","2023-03-16 07:52:24","-206"
"1453","786","2023-03-16 13:15:23","-507"
"1454","702","2023-03-16 13:15:23","-1474"
"1455","20","2023-03-16 13:15:23","-1368"
"1456","104","2023-03-16 13:15:23","-1681"
"1457","871","2023-03-17 00:41:23","-1145"
"1458","866","2023-03-17 00:41:23","-408"
"1459","752","2023-03-17 00:41:23","-1880"
"1460","342","2023-03-17 00:41:23","-151"
"1461","959","2023-03-17 06:30:24","-116"
"1462","872","2023-03-17 06:30:24","-805"
"1463","545","2023-03-17 06:30:24","-839"
"1464","516","2023-03-17 06:30:24","-728"
"1465","795","2023-03-17 08:55:14","100"
"1466","444","2023-03-17 08:55:14","-199"
"1467","866","2023-03-17 08:55:14","-1472"
"1468","495","2023-03-17 08:55:14","-1455"
"1469","448","2023-03-18 17:56:08","-525"
"1470","285","2023-03-18 17:56:08","-195"
"1471","501","2023-03-18 17:56:08","-458"
"1472","253","2023-03-18 17:56:08","-660"
"1473","539","2023-03-19 21:34:44","-694"
"1474","912","2023-03-19 21:34:44","-861"
"1475","516","2023-03-19 21:34:44","-512"
"1476","748","2023-03-19 21:34:44","-454"
"1477","43","2023-03-20 02:36:43","-669"
"1478","25","2023-03-20 02:36:43","-1480"
"1479","242","2023-03-20 02:36:43","-1266"
"1480","993","2023-03-20 02:36:43","-1483"
"1481","515","2023-03-20 19:58:36","-910"
"1482","505","2023-03-20 19:58:36","-981"
"1483","262","2023-03-20 19:58:36","-273"
"1484","47","2023-03-20 19:58:36","-1136"
"1485","956","2023-03-21 05:00:32","-1849"
"1486","271","2023-03-21 05:00:32","-481"
"1487","107","2023-03-21 05:00:32","-1536"
"1488","646","2023-03-21 05:00:32","-832"
"1489","290","2023-03-21 21:31:29","-1373"
"1490","352","2023-03-21 21:31:29","-686"
"1491","279","2023-03-21 21:31:29","-1023"
"1492","679","2023-03-21 21:31:29","100"
"1493","359","2023-03-23 08:02:19","-1019"
"1494","335","2023-03-23 08:02:19","-115"
"1495","926","2023-03-23 08:02:19","-1574"
"1496","359","2023-03-23 08:02:19","-1218"
"1497","848","2023-03-24 22:43:55","-986"
"1498","684","2023-03-24 22:43:55","-776"
"1499","141","2023-03-24 22:43:55","-1539"
"1500","696","2023-03-24 22:43:55","-170"
"1501","169","2023-03-25 12:59:08","-654"
"1502","568","2023-03-25 12:59:08","-151"
"1503","146","2023-03-25 12:59:08","-731"
"1504","125","2023-03-25 12:59:08","-1037"
"1505","524","2023-03-25 15:43:43","-1704"
"1506","248","2023-03-25 15:43:43","-755"
"1507","366","2023-03-25 15:43:43","159"
"1508","488","2023-03-25 15:43:43","150"
"1509","108","2023-03-25 16:41:06","-1447"
"1510","165","2023-03-25 16:41:06","-1277"
"1511","123","2023-03-25 16:41:06","-751"
"1512","170","2023-03-25 16:41:06","-1665"
"1513","445","2023-03-26 01:04:36","-596"
"1514","426","2023-03-26 01:04:36","-149"
"1515","860","2023-03-26 01:04:36","-883"
"1516","204","2023-03-26 01:04:36","-1613"
"1517","43","2023-03-26 03:26:51","-1324"
"1518","291","2023-03-26 03:26:51","-1257"
"1519","796","2023-03-26 03:26:51","-1354"
"1520","626","2023-03-26 03:26:51","-138"
"1521","401","2023-03-26 04:08:52","-993"
"1522","786","2023-03-26 04:08:52","-741"
"1523","371","2023-03-26 04:08:52","-344"
"1524","119","2023-03-26 04:08:52","-687"
"1525","558","2023-03-26 08:37:32","-560"
"1526","892","2023-03-26 08:37:32","-1043"
"1527","975","2023-03-26 08:37:32","-159"
"1528","385","2023-03-26 08:37:32","-1834"
"1529","1000","2023-03-26 20:30:32","-104"
"1530","609","2023-03-26 20:30:32","-1373"
"1531","105","2023-03-26 20:30:32","-958"
"1532","768","2023-03-26 20:30:32","-404"
"1533","155","2023-03-27 06:00:59","-1092"
"1534","158","2023-03-27 06:00:59","-1484"
"1535","789","2023-03-27 06:00:59","-611"
"1536","217","2023-03-27 06:00:59","-1712"
"1537","261","2023-03-27 11:17:32","-1744"
"1538","978","2023-03-27 11:17:32","-1719"
"1539","812","2023-03-27 11:17:32","-1026"
"1540","500","2023-03-27 11:17:32","-638"
"1541","868","2023-03-27 21:01:22","-159"
"1542","877","2023-03-27 21:01:22","-698"
"1543","181","2023-03-27 21:01:22","-1180"
"1544","984","2023-03-27 21:01:22","-1408"
"1545","180","2023-03-28 21:45:32","-641"
"1546","512","2023-03-28 21:45:32","-179"
"1547","211","2023-03-28 21:45:32","-915"
"1548","645","2023-03-28 21:45:32","-1142"
"1549","589","2023-03-29 04:55:54","-774"
"1550","270","2023-03-29 04:55:54","-1517"
"1551","242","2023-03-29 04:55:54","-120"
"1552","940","2023-03-29 04:55:54","-993"
"1553","855","2023-03-29 08:57:43","-1045"
"1554","318","2023-03-29 08:57:43","-354"
"1555","881","2023-03-29 08:57:43","-1743"
"1556","548","2023-03-29 08:57:43","-1811"
"1557","666","2023-03-29 14:01:22","-1300"
"1558","128","2023-03-29 14:01:22","-1794"
"1559","943","2023-03-29 14:01:22","-224"
"1560","597","2023-03-29 14:01:22","-1894"
"1561","668","2023-03-30 06:45:08","-845"
"1562","784","2023-03-30 06:45:08","-1231"
"1563","440","2023-03-30 06:45:08","-1706"
"1564","740","2023-03-30 06:45:08","-1767"
"1565","652","2023-03-30 06:55:29","-1585"
"1566","408","2023-03-30 06:55:29","-1073"
"1567","24","2023-03-30 06:55:29","-758"
"1568","977","2023-03-30 06:55:29","-1203"
"1569","748","2023-03-30 15:15:12","-1408"
"1570","878","2023-03-30 15:15:12","-1698"
"1571","933","2023-03-30 15:15:12","-773"
"1572","501","2023-03-30 15:15:12","-1351"
"1573","134","2023-03-31 02:37:04","-1748"
"1574","214","2023-03-31 02:37:04","-1304"
"1575","231","2023-03-31 02:37:04","-1166"
"1576","191","2023-03-31 02:37:04","-782"
"1577","901","2023-03-31 21:10:13","-561"
"1578","44","2023-03-31 21:10:13","-366"
"1579","116","2023-03-31 21:10:13","-1476"
"1580","811","2023-03-31 21:10:13","-1013"
"1581","784","2023-04-01 00:52:00","-197"
"1582","83","2023-04-01 00:52:00","-721"
"1583","3","2023-04-01 00:52:00","-1623"
"1584","842","2023-04-01 00:52:00","-860"
"1585","524","2023-04-01 23:43:43","-717"
"1586","119","2023-04-01 23:43:43","-1883"
"1587","988","2023-04-01 23:43:43","-1445"
"1588","753","2023-04-01 23:43:43","-744"
"1589","229","2023-04-01 23:43:54","-223"
"1590","248","2023-04-01 23:43:54","-939"
"1591","338","2023-04-01 23:43:54","-142"
"1592","961","2023-04-01 23:43:54","-599"
"1593","5","2023-04-02 13:57:59","-1635"
"1594","528","2023-04-02 13:57:59","-1616"
"1595","975","2023-04-02 13:57:59","-976"
"1596","330","2023-04-02 13:57:59","-1416"
"1597","760","2023-04-02 16:31:44","-338"
"1598","727","2023-04-02 16:31:44","-1670"
"1599","810","2023-04-02 16:31:44","182"
"1600","612","2023-04-02 16:31:44","-1164"
"1601","622","2023-04-03 02:28:22","-1839"
"1602","233","2023-04-03 02:28:22","-179"
"1603","76","2023-04-03 02:28:22","-133"
"1604","721","2023-04-03 02:28:22","-980"
"1605","572","2023-04-04 21:45:57","133"
"1606","461","2023-04-04 21:45:57","-613"
"1607","354","2023-04-04 21:45:57","-886"
"1608","95","2023-04-04 21:45:57","-728"
"1609","400","2023-04-05 07:12:51","-1612"
"1610","962","2023-04-05 07:12:51","-589"
"1611","921","2023-04-05 07:12:51","-1073"
"1612","990","2023-04-05 07:12:51","-883"
"1613","153","2023-04-05 09:00:40","-831"
"1614","671","2023-04-05 09:00:40","-598"
"1615","478","2023-04-05 09:00:40","-1495"
"1616","309","2023-04-05 09:00:40","-1240"
"1617","954","2023-04-05 18:30:14","-529"
"1618","508","2023-04-05 18:30:14","-882"
"1619","347","2023-04-05 18:30:14","-458"
"1620","202","2023-04-05 18:30:14","-125"
"1621","206","2023-04-06 00:04:12","-1841"
"1622","597","2023-04-06 00:04:12","-132"
"1623","793","2023-04-06 00:04:12","-1624"
"1624","373","2023-04-06 00:04:12","170"
"1625","106","2023-04-06 00:45:08","-104"
"1626","410","2023-04-06 00:45:08","-1428"
"1627","742","2023-04-06 00:45:08","-1271"
"1628","269","2023-04-06 00:45:08","170"
"1629","683","2023-04-06 11:14:53","-1415"
"1630","495","2023-04-06 11:14:53","-1422"
"1631","199","2023-04-06 11:14:53","-1255"
"1632","795","2023-04-06 11:14:53","-1819"
"1633","959","2023-04-06 11:56:31","-274"
"1634","979","2023-04-06 11:56:31","-330"
"1635","20","2023-04-06 11:56:31","-1244"
"1636","81","2023-04-06 11:56:31","-1753"
"1637","901","2023-04-06 12:43:47","-354"
"1638","995","2023-04-06 12:43:47","-301"
"1639","809","2023-04-06 12:43:47","-152"
"1640","582","2023-04-06 12:43:47","-190"
"1641","67","2023-04-06 15:25:10","-377"
"1642","725","2023-04-06 15:25:10","-996"
"1643","448","2023-04-06 15:25:10","-1467"
"1644","334","2023-04-06 15:25:10","-1229"
"1645","420","2023-04-07 04:29:34","-741"
"1646","68","2023-04-07 04:29:34","-1886"
"1647","859","2023-04-07 04:29:34","-629"
"1648","526","2023-04-07 04:29:34","-118"
"1649","739","2023-04-07 19:38:12","-235"
"1650","743","2023-04-07 19:38:12","-1518"
"1651","723","2023-04-07 19:38:12","-351"
"1652","898","2023-04-07 19:38:12","-862"
"1653","339","2023-04-08 03:07:44","-1547"
"1654","986","2023-04-08 03:07:44","-1058"
"1655","513","2023-04-08 03:07:44","-1807"
"1656","230","2023-04-08 03:07:44","-1303"
"1657","44","2023-04-08 06:34:02","-157"
"1658","270","2023-04-08 06:34:02","-1256"
"1659","407","2023-04-08 06:34:02","141"
"1660","50","2023-04-08 06:34:02","-1665"
"1661","614","2023-04-08 16:01:17","-1755"
"1662","325","2023-04-08 16:01:17","-403"
"1663","961","2023-04-08 16:01:17","-1206"
"1664","557","2023-04-08 16:01:17","-1077"
"1665","704","2023-04-10 01:08:52","-979"
"1666","385","2023-04-10 01:08:52","-1842"
"1667","174","2023-04-10 01:08:52","-566"
"1668","652","2023-04-10 01:08:52","-929"
"1669","849","2023-04-10 13:27:40","-256"
"1670","184","2023-04-10 13:27:40","-806"
"1671","388","2023-04-10 13:27:40","-740"
"1672","424","2023-04-10 13:27:40","-1654"
"1673","665","2023-04-11 06:55:26","-300"
"1674","989","2023-04-11 06:55:26","-153"
"1675","406","2023-04-11 06:55:26","-1413"
"1676","612","2023-04-11 06:55:26","-914"
"1677","938","2023-04-11 06:59:31","172"
"1678","896","2023-04-11 06:59:31","-1428"
"1679","137","2023-04-11 06:59:31","-1804"
"1680","644","2023-04-11 06:59:31","-1721"
"1681","924","2023-04-11 12:46:26","-706"
"1682","627","2023-04-11 12:46:26","-789"
"1683","317","2023-04-11 12:46:26","-696"
"1684","40","2023-04-11 12:46:26","-318"
"1685","218","2023-04-12 00:43:18","-640"
"1686","355","2023-04-12 00:43:18","-601"
"1687","342","2023-04-12 00:43:18","-391"
"1688","997","2023-04-12 00:43:18","-1034"
"1689","26","2023-04-12 18:00:46","-1239"
"1690","288","2023-04-12 18:00:46","-1123"
"1691","666","2023-04-12 18:00:46","-1730"
"1692","701","2023-04-12 18:00:46","-377"
"1693","88","2023-04-13 04:35:35","-1860"
"1694","408","2023-04-13 04:35:35","-267"
"1695","306","2023-04-13 04:35:35","-892"
"1696","228","2023-04-13 04:35:35","-1429"
"1697","637","2023-04-13 06:14:47","-1552"
"1698","292","2023-04-13 06:14:47","-402"
"1699","861","2023-04-13 06:14:47","-1480"
"1700","574","2023-04-13 06:14:47","-173"
"1701","112","2023-04-13 19:10:32","-1836"
"1702","455","2023-04-13 19:10:32","-1050"
"1703","247","2023-04-13 19:10:32","-1489"
"1704","703","2023-04-13 19:10:32","-110"
"1705","223","2023-04-14 10:58:30","-1132"
"1706","11","2023-04-14 10:58:30","-1117"
"1707","88","2023-04-14 10:58:30","-362"
"1708","245","2023-04-14 10:58:30","-1503"
"1709","680","2023-04-14 21:22:47","-1397"
"1710","340","2023-04-14 21:22:47","-306"
"1711","809","2023-04-14 21:22:47","-1693"
"1712","296","2023-04-14 21:22:47","-344"
"1713","943","2023-04-15 06:59:57","-1662"
"1714","135","2023-04-15 06:59:57","-1564"
"1715","5","2023-04-15 06:59:57","-425"
"1716","157","2023-04-15 06:59:57","-1032"
"1717","625","2023-04-15 08:52:17","-272"
"1718","563","2023-04-15 08:52:17","-342"
"1719","651","2023-04-15 08:52:17","-1058"
"1720","604","2023-04-15 08:52:17","-316"
"1721","539","2023-04-15 11:20:53","-1212"
"1722","34","2023-04-15 11:20:53","-589"
"1723","326","2023-04-15 11:20:53","-1853"
"1724","404","2023-04-15 11:20:53","-237"
"1725","982","2023-04-15 14:39:53","-856"
"1726","216","2023-04-15 14:39:53","-184"
"1727","873","2023-04-15 14:39:53","-554"
"1728","402","2023-04-15 14:39:53","-1398"
"1729","742","2023-04-16 02:04:41","-160"
"1730","28","2023-04-16 02:04:41","-880"
"1731","19","2023-04-16 02:04:41","-1274"
"1732","962","2023-04-16 02:04:41","-1079"
"1733","588","2023-04-16 03:26:38","-119"
"1734","766","2023-04-16 03:26:38","-1007"
"1735","643","2023-04-16 03:26:38","-150"
"1736","738","2023-04-16 03:26:38","-116"
"1737","173","2023-04-16 13:01:42","-635"
"1738","236","2023-04-16 13:01:42","-579"
"1739","192","2023-04-16 13:01:42","-799"
"1740","552","2023-04-16 13:01:42","-1435"
"1741","925","2023-04-16 15:42:46","-1169"
"1742","70","2023-04-16 15:42:46","-1862"
"1743","684","2023-04-16 15:42:46","-751"
"1744","140","2023-04-16 15:42:46","-1651"
"1745","147","2023-04-17 10:35:35","-1794"
"1746","15","2023-04-17 10:35:35","-842"
"1747","167","2023-04-17 10:35:35","-900"
"1748","546","2023-04-17 10:35:35","-418"
"1749","480","2023-04-17 16:29:02","-440"
"1750","316","2023-04-17 16:29:02","-197"
"1751","215","2023-04-17 16:29:02","-778"
"1752","778","2023-04-17 16:29:02","-1464"
"1753","802","2023-04-18 12:53:06","-1170"
"1754","184","2023-04-18 12:53:06","151"
"1755","887","2023-04-18 12:53:06","-195"
"1756","314","2023-04-18 12:53:06","-1384"
"1757","38","2023-04-19 02:40:17","-1205"
"1758","16","2023-04-19 02:40:17","-751"
"1759","575","2023-04-19 02:40:17","-1399"
"1760","156","2023-04-19 02:40:17","-503"
"1761","557","2023-04-19 09:21:10","-433"
"1762","458","2023-04-19 09:21:10","-1490"
"1763","516","2023-04-19 09:21:10","-826"
"1764","198","2023-04-19 09:21:10","-1528"
"1765","168","2023-04-19 12:54:16","-1176"
"1766","68","2023-04-19 12:54:16","-1527"
"1767","752","2023-04-19 12:54:16","-1750"
"1768","627","2023-04-19 12:54:16","-1685"
"1769","242","2023-04-19 13:11:28","-1076"
"1770","699","2023-04-19 13:11:28","186"
"1771","809","2023-04-19 13:11:28","-539"
"1772","324","2023-04-19 13:11:28","-1196"
"1773","714","2023-04-19 22:26:42","-1366"
"1774","642","2023-04-19 22:26:42","-1553"
"1775","222","2023-04-19 22:26:42","-1821"
"1776","808","2023-04-19 22:26:42","-1540"
"1777","358","2023-04-20 06:15:08","-1760"
"1778","592","2023-04-20 06:15:08","-103"
"1779","593","2023-04-20 06:15:08","-1200"
"1780","343","2023-04-20 06:15:08","-173"
"1781","329","2023-04-20 08:04:25","-125"
"1782","729","2023-04-20 08:04:25","-1050"
"1783","848","2023-04-20 08:04:25","-1360"
"1784","537","2023-04-20 08:04:25","-533"
"1785","849","2023-04-20 14:01:59","-316"
"1786","979","2023-04-20 14:01:59","-124"
"1787","514","2023-04-20 14:01:59","-1345"
"1788","470","2023-04-20 14:01:59","-930"
"1789","872","2023-04-21 02:47:20","-1109"
"1790","327","2023-04-21 02:47:20","-714"
"1791","252","2023-04-21 02:47:20","-1673"
"1792","820","2023-04-21 02:47:20","-449"
"1793","19","2023-04-21 12:00:38","-1325"
"1794","348","2023-04-21 12:00:38","-198"
"1795","730","2023-04-21 12:00:38","-339"
"1796","914","2023-04-21 12:00:38","-1460"
"1797","531","2023-04-23 15:52:03","-932"
"1798","403","2023-04-23 15:52:03","173"
"1799","94","2023-04-23 15:52:03","-826"
"1800","297","2023-04-23 15:52:03","-224"
"1801","639","2023-04-24 02:11:31","-1092"
"1802","271","2023-04-24 02:11:31","-185"
"1803","953","2023-04-24 02:11:31","-383"
"1804","953","2023-04-24 02:11:31","-434"
"1805","948","2023-04-24 05:58:31","-1666"
"1806","340","2023-04-24 05:58:31","-1679"
"1807","797","2023-04-24 05:58:31","-1193"
"1808","109","2023-04-24 05:58:31","-1065"
"1809","905","2023-04-25 03:12:34","-1167"
"1810","235","2023-04-25 03:12:34","-1659"
"1811","853","2023-04-25 03:12:34","-859"
"1812","92","2023-04-25 03:12:34","-404"
"1813","577","2023-04-25 13:02:44","-1748"
"1814","201","2023-04-25 13:02:44","-1291"
"1815","894","2023-04-25 13:02:44","-1200"
"1816","227","2023-04-25 13:02:44","-983"
"1817","250","2023-04-25 16:10:40","-170"
"1818","77","2023-04-25 16:10:40","-186"
"1819","445","2023-04-25 16:10:40","-179"
"1820","782","2023-04-25 16:10:40","-1434"
"1821","721","2023-04-25 18:30:17","-1447"
"1822","780","2023-04-25 18:30:17","-889"
"1823","547","2023-04-25 18:30:17","-815"
"1824","289","2023-04-25 18:30:17","-440"
"1825","480","2023-04-25 19:58:18","-491"
"1826","654","2023-04-25 19:58:18","-829"
"1827","142","2023-04-25 19:58:18","190"
"1828","695","2023-04-25 19:58:18","-656"
"1829","15","2023-04-25 23:51:25","-1075"
"1830","455","2023-04-25 23:51:25","-1722"
"1831","384","2023-04-25 23:51:25","-1054"
"1832","172","2023-04-25 23:51:25","-465"
"1833","321","2023-04-26 02:14:40","-1031"
"1834","40","2023-04-26 02:14:40","-322"
"1835","325","2023-04-26 02:14:40","-1152"
"1836","907","2023-04-26 02:14:40","-557"
"1837","964","2023-04-26 04:48:07","-792"
"1838","427","2023-04-26 04:48:07","-455"
"1839","92","2023-04-26 04:48:07","-166"
"1840","908","2023-04-26 04:48:07","-132"
"1841","490","2023-04-26 09:27:47","-262"
"1842","369","2023-04-26 09:27:47","-1399"
"1843","828","2023-04-26 09:27:47","-912"
"1844","820","2023-04-26 09:27:47","-293"
"1845","614","2023-04-26 13:10:56","-1157"
"1846","42","2023-04-26 13:10:56","-400"
"1847","91","2023-04-26 13:10:56","-148"
"1848","210","2023-04-26 13:10:56","-1389"
"1849","646","2023-04-26 20:44:03","-1193"
"1850","907","2023-04-26 20:44:03","-1617"
"1851","352","2023-04-26 20:44:03","-489"
"1852","320","2023-04-26 20:44:03","-560"
"1853","62","2023-04-27 16:22:14","-1015"
"1854","363","2023-04-27 16:22:14","-1609"
"1855","212","2023-04-27 16:22:14","126"
"1856","150","2023-04-27 16:22:14","-1800"
"1857","90","2023-04-27 19:24:20","-1657"
"1858","68","2023-04-27 19:24:20","-1562"
"1859","468","2023-04-27 19:24:20","-175"
"1860","702","2023-04-27 19:24:20","-878"
"1861","476","2023-04-28 08:21:09","-364"
"1862","801","2023-04-28 08:21:09","-605"
"1863","475","2023-04-28 08:21:09","-1768"
"1864","581","2023-04-28 08:21:09","-1013"
"1865","840","2023-04-28 13:48:20","-393"
"1866","374","2023-04-28 13:48:20","-1521"
"1867","674","2023-04-28 13:48:20","-1781"
"1868","20","2023-04-28 13:48:20","-1094"
"1869","478","2023-04-28 19:36:45","-666"
"1870","54","2023-04-28 19:36:45","-1417"
"1871","27","2023-04-28 19:36:45","-550"
"1872","439","2023-04-28 19:36:45","-1691"
"1873","459","2023-04-29 04:52:52","-1122"
"1874","981","2023-04-29 04:52:52","-472"
"1875","384","2023-04-29 04:52:52","-121"
"1876","856","2023-04-29 04:52:52","-754"
"1877","275","2023-04-29 13:16:53","-1675"
"1878","543","2023-04-29 13:16:53","-710"
"1879","461","2023-04-29 13:16:53","-992"
"1880","303","2023-04-29 13:16:53","-1747"
"1881","553","2023-04-29 14:15:29","-1459"
"1882","528","2023-04-29 14:15:29","-1517"
"1883","949","2023-04-29 14:15:29","168"
"1884","590","2023-04-29 14:15:29","-750"
"1885","569","2023-04-30 19:19:17","-348"
"1886","686","2023-04-30 19:19:17","-332"
"1887","234","2023-04-30 19:19:17","-1295"
"1888","455","2023-04-30 19:19:17","179"
"1889","273","2023-05-01 03:51:21","-301"
"1890","666","2023-05-01 03:51:21","-767"
"1891","687","2023-05-01 03:51:21","-953"
"1892","510","2023-05-01 03:51:21","116"
"1893","200","2023-05-01 08:09:42","-1427"
"1894","945","2023-05-01 08:09:42","-1108"
"1895","738","2023-05-01 08:09:42","-411"
"1896","72","2023-05-01 08:09:42","-1399"
"1897","651","2023-05-01 12:10:30","-416"
"1898","728","2023-05-01 12:10:30","-505"
"1899","766","2023-05-01 12:10:30","-104"
"1900","906","2023-05-01 12:10:30","-119"
"1901","500","2023-05-01 15:35:27","-798"
"1902","942","2023-05-01 15:35:27","-1491"
"1903","382","2023-05-01 15:35:27","-1067"
"1904","265","2023-05-01 15:35:27","-1720"
"1905","4","2023-05-01 23:13:23","-1548"
"1906","444","2023-05-01 23:13:23","-521"
"1907","785","2023-05-01 23:13:23","-183"
"1908","372","2023-05-01 23:13:23","-181"
"1909","96","2023-05-02 18:50:33","-597"
"1910","88","2023-05-02 18:50:33","-778"
"1911","672","2023-05-02 18:50:33","-618"
"1912","640","2023-05-02 18:50:33","-1238"
"1913","407","2023-05-03 06:23:19","-254"
"1914","591","2023-05-03 06:23:19","-1243"
"1915","132","2023-05-03 06:23:19","-1619"
"1916","969","2023-05-03 06:23:19","-807"
"1917","526","2023-05-03 07:59:44","-333"
"1918","604","2023-05-03 07:59:44","-135"
"1919","86","2023-05-03 07:59:44","-169"
"1920","326","2023-05-03 07:59:44","-1332"
"1921","150","2023-05-04 01:08:42","-302"
"1922","847","2023-05-04 01:08:42","142"
"1923","73","2023-05-04 01:08:42","-1021"
"1924","202","2023-05-04 01:08:42","-487"
"1925","702","2023-05-04 04:05:52","-772"
"1926","203","2023-05-04 04:05:52","105"
"1927","607","2023-05-04 04:05:52","-770"
"1928","241","2023-05-04 04:05:52","117"
"1929","877","2023-05-04 08:41:34","-1192"
"1930","691","2023-05-04 08:41:34","-543"
"1931","291","2023-05-04 08:41:34","-1739"
"1932","980","2023-05-04 08:41:34","-185"
"1933","430","2023-05-04 22:11:26","-737"
"1934","612","2023-05-04 22:11:26","-1312"
"1935","477","2023-05-04 22:11:26","-296"
"1936","555","2023-05-04 22:11:26","-392"
"1937","490","2023-05-05 15:00:14","-1003"
"1938","595","2023-05-05 15:00:14","-245"
"1939","194","2023-05-05 15:00:14","-778"
"1940","519","2023-05-05 15:00:14","-1104"
"1941","125","2023-05-05 15:22:36","-1050"
"1942","338","2023-05-05 15:22:36","-1213"
"1943","754","2023-05-05 15:22:36","-772"
"1944","526","2023-05-05 15:22:36","-111"
"1945","369","2023-05-06 15:05:43","-916"
"1946","67","2023-05-06 15:05:43","-1134"
"1947","131","2023-05-06 15:05:43","-527"
"1948","378","2023-05-06 15:05:43","-959"
"1949","855","2023-05-07 18:04:30","-159"
"1950","721","2023-05-07 18:04:30","-430"
"1951","464","2023-05-07 18:04:30","-791"
"1952","126","2023-05-07 18:04:30","-816"
"1953","942","2023-05-08 03:14:37","-676"
"1954","911","2023-05-08 03:14:37","-1534"
"1955","856","2023-05-08 03:14:37","-420"
"1956","419","2023-05-08 03:14:37","-1620"
"1957","702","2023-05-08 04:42:20","163"
"1958","877","2023-05-08 04:42:20","-1411"
"1959","112","2023-05-08 04:42:20","-889"
"1960","892","2023-05-08 04:42:20","162"
"1961","556","2023-05-09 01:22:23","-1602"
"1962","790","2023-05-09 01:22:23","-1369"
"1963","674","2023-05-09 01:22:23","131"
"1964","628","2023-05-09 01:22:23","-1077"
"1965","916","2023-05-09 11:10:59","-665"
"1966","623","2023-05-09 11:10:59","-151"
"1967","523","2023-05-09 11:10:59","272"
"1968","297","2023-05-09 11:10:59","163"
"1969","317","2023-05-09 16:09:43","-1651"
"1970","828","2023-05-09 16:09:43","-345"
"1971","523","2023-05-09 16:09:43","-478"
"1972","505","2023-05-09 16:09:43","-1470"
"1973","81","2023-05-09 16:22:51","-234"
"1974","828","2023-05-09 16:22:51","-118"
"1975","514","2023-05-09 16:22:51","-1245"
"1976","250","2023-05-09 16:22:51","-1596"
"1977","811","2023-05-10 03:19:39","-100"
"1978","212","2023-05-10 03:19:39","-115"
"1979","801","2023-05-10 03:19:39","-187"
"1980","600","2023-05-10 03:19:39","381"
"1981","69","2023-05-10 21:57:56","-1046"
"1982","110","2023-05-10 21:57:56","-881"
"1983","304","2023-05-10 21:57:56","-187"
"1984","585","2023-05-10 21:57:56","-178"
"1985","845","2023-05-10 23:37:55","-468"
"1986","896","2023-05-10 23:37:55","-399"
"1987","801","2023-05-10 23:37:55","-827"
"1988","547","2023-05-10 23:37:55","-1396"
"1989","295","2023-05-12 10:25:29","-357"
"1990","594","2023-05-12 10:25:29","-386"
"1991","563","2023-05-12 10:25:29","-1070"
"1992","986","2023-05-12 10:25:29","-161"
"1993","46","2023-05-12 23:14:04","-123"
"1994","584","2023-05-12 23:14:04","224"
"1995","979","2023-05-12 23:14:04","-360"
"1996","999","2023-05-12 23:14:04","687"
"1997","263","2023-05-13 01:21:19","110"
"1998","977","2023-05-13 01:21:19","-188"
"1999","882","2023-05-13 01:21:19","698"
"2000","867","2023-05-13 01:21:19","-397"